COUNTRY,P,YEAR,VALUE
Australia,p90p100,1995,0.282
Australia,p90p100,1996,0.2786
Australia,p90p100,1997,0.287
Australia,p90p100,1998,0.2896
Australia,p90p100,1999,0.3015
Australia,p90p100,2000,0.3071
Australia,p90p100,2001,0.2933
Australia,p90p100,2002,0.3016
Australia,p90p100,2003,0.3029
Australia,p90p100,2004,0.3066
Australia,p90p100,2005,0.3119
Australia,p90p100,2006,0.3256
Australia,p90p100,2007,0.3151
Australia,p90p100,2008,0.2977
Australia,p90p100,2009,0.3119
Australia,p90p100,2010,0.3137
Australia,p90p100,2011,0.3059
Australia,p90p100,2012,0.3182
Australia,p90p100,2013,0.3293
Australia,p90p100,2014,0.3271
Australia,p90p100,2015,0.3288
Australia,p90p100,2016,0.325
Australia,p90p100,2017,0.3356
Australia,p90p100,2018,0.3254
Australia,p90p100,2019,0.326
Australia,p90p100,2020,0.326
Australia,p90p100,2021,0.326
Australia,p0p50,1995,0.1773
Australia,p0p50,1996,0.1798
Australia,p0p50,1997,0.1753
Australia,p0p50,1998,0.1749
Australia,p0p50,1999,0.1699
Australia,p0p50,2000,0.1687
Australia,p0p50,2001,0.1748
Australia,p0p50,2002,0.1713
Australia,p0p50,2003,0.1726
Australia,p0p50,2004,0.1717
Australia,p0p50,2005,0.1679
Australia,p0p50,2006,0.1627
Australia,p0p50,2007,0.1675
Australia,p0p50,2008,0.1746
Australia,p0p50,2009,0.174
Australia,p0p50,2010,0.1718
Australia,p0p50,2011,0.1758
Australia,p0p50,2012,0.1697
Australia,p0p50,2013,0.1626
Australia,p0p50,2014,0.1635
Australia,p0p50,2015,0.1616
Australia,p0p50,2016,0.1621
Australia,p0p50,2017,0.1616
Australia,p0p50,2018,0.1659
Australia,p0p50,2019,0.166
Australia,p0p50,2020,0.166
Australia,p0p50,2021,0.166
Australia,p99p100,1995,0.084
Australia,p99p100,1996,0.0827
Australia,p99p100,1997,0.0869
Australia,p99p100,1998,0.0901
Australia,p99p100,1999,0.1002
Australia,p99p100,2000,0.1059
Australia,p99p100,2001,0.0965
Australia,p99p100,2002,0.1017
Australia,p99p100,2003,0.1069
Australia,p99p100,2004,0.1117
Australia,p99p100,2005,0.1124
Australia,p99p100,2006,0.124
Australia,p99p100,2007,0.1192
Australia,p99p100,2008,0.1062
Australia,p99p100,2009,0.1127
Australia,p99p100,2010,0.1149
Australia,p99p100,2011,0.1094
Australia,p99p100,2012,0.1165
Australia,p99p100,2013,0.1248
Australia,p99p100,2014,0.1191
Australia,p99p100,2015,0.1182
Australia,p99p100,2016,0.1143
Australia,p99p100,2017,0.128
Australia,p99p100,2018,0.1123
Australia,p99p100,2019,0.1128
Australia,p99p100,2020,0.1128
Australia,p99p100,2021,0.1128
Austria,p90p100,1995,0.3305
Austria,p90p100,1996,0.333
Austria,p90p100,1997,0.3391
Austria,p90p100,1998,0.3466
Austria,p90p100,1999,0.3294
Austria,p90p100,2000,0.3479
Austria,p90p100,2001,0.3369
Austria,p90p100,2002,0.3471
Austria,p90p100,2003,0.3614
Austria,p90p100,2004,0.3414
Austria,p90p100,2005,0.3549
Austria,p90p100,2006,0.3748
Austria,p90p100,2007,0.353
Austria,p90p100,2008,0.3553
Austria,p90p100,2009,0.3424
Austria,p90p100,2010,0.3472
Austria,p90p100,2011,0.3386
Austria,p90p100,2012,0.3189
Austria,p90p100,2013,0.3212
Austria,p90p100,2014,0.3408
Austria,p90p100,2015,0.3331
Austria,p90p100,2016,0.3417
Austria,p90p100,2017,0.3338
Austria,p90p100,2018,0.3352
Austria,p90p100,2019,0.3388
Austria,p90p100,2020,0.3385
Austria,p90p100,2021,0.3385
Austria,p0p50,1995,0.2238
Austria,p0p50,1996,0.2213
Austria,p0p50,1997,0.2184
Austria,p0p50,1998,0.2162
Austria,p0p50,1999,0.226
Austria,p0p50,2000,0.2175
Austria,p0p50,2001,0.2249
Austria,p0p50,2002,0.2154
Austria,p0p50,2003,0.2113
Austria,p0p50,2004,0.2185
Austria,p0p50,2005,0.212
Austria,p0p50,2006,0.2028
Austria,p0p50,2007,0.2103
Austria,p0p50,2008,0.2121
Austria,p0p50,2009,0.2141
Austria,p0p50,2010,0.2119
Austria,p0p50,2011,0.2166
Austria,p0p50,2012,0.2243
Austria,p0p50,2013,0.2259
Austria,p0p50,2014,0.2175
Austria,p0p50,2015,0.2198
Austria,p0p50,2016,0.2181
Austria,p0p50,2017,0.2241
Austria,p0p50,2018,0.222
Austria,p0p50,2019,0.2202
Austria,p0p50,2020,0.2204
Austria,p0p50,2021,0.2204
Austria,p99p100,1995,0.1101
Austria,p99p100,1996,0.1109
Austria,p99p100,1997,0.1141
Austria,p99p100,1998,0.1188
Austria,p99p100,1999,0.1073
Austria,p99p100,2000,0.1184
Austria,p99p100,2001,0.1125
Austria,p99p100,2002,0.1156
Austria,p99p100,2003,0.1221
Austria,p99p100,2004,0.1148
Austria,p99p100,2005,0.1127
Austria,p99p100,2006,0.1331
Austria,p99p100,2007,0.1149
Austria,p99p100,2008,0.1231
Austria,p99p100,2009,0.1082
Austria,p99p100,2010,0.1137
Austria,p99p100,2011,0.1111
Austria,p99p100,2012,0.0827
Austria,p99p100,2013,0.0896
Austria,p99p100,2014,0.111
Austria,p99p100,2015,0.1016
Austria,p99p100,2016,0.1108
Austria,p99p100,2017,0.0988
Austria,p99p100,2018,0.0992
Austria,p99p100,2019,0.1012
Austria,p99p100,2020,0.1009
Austria,p99p100,2021,0.1009
Belgium,p90p100,1995,0.3264
Belgium,p90p100,1996,0.3295
Belgium,p90p100,1997,0.3284
Belgium,p90p100,1998,0.3263
Belgium,p90p100,1999,0.3267
Belgium,p90p100,2000,0.3267
Belgium,p90p100,2001,0.3219
Belgium,p90p100,2002,0.3159
Belgium,p90p100,2003,0.3154
Belgium,p90p100,2004,0.322
Belgium,p90p100,2005,0.3197
Belgium,p90p100,2006,0.3241
Belgium,p90p100,2007,0.3334
Belgium,p90p100,2008,0.3172
Belgium,p90p100,2009,0.3093
Belgium,p90p100,2010,0.3135
Belgium,p90p100,2011,0.3114
Belgium,p90p100,2012,0.3137
Belgium,p90p100,2013,0.3163
Belgium,p90p100,2014,0.3187
Belgium,p90p100,2015,0.3183
Belgium,p90p100,2016,0.3211
Belgium,p90p100,2017,0.3183
Belgium,p90p100,2018,0.3286
Belgium,p90p100,2019,0.3289
Belgium,p90p100,2020,0.3289
Belgium,p90p100,2021,0.3289
Belgium,p0p50,1995,0.2062
Belgium,p0p50,1996,0.2031
Belgium,p0p50,1997,0.2022
Belgium,p0p50,1998,0.2009
Belgium,p0p50,1999,0.2024
Belgium,p0p50,2000,0.1987
Belgium,p0p50,2001,0.2034
Belgium,p0p50,2002,0.2035
Belgium,p0p50,2003,0.2014
Belgium,p0p50,2004,0.2008
Belgium,p0p50,2005,0.2023
Belgium,p0p50,2006,0.2018
Belgium,p0p50,2007,0.2003
Belgium,p0p50,2008,0.21
Belgium,p0p50,2009,0.2109
Belgium,p0p50,2010,0.206
Belgium,p0p50,2011,0.2115
Belgium,p0p50,2012,0.2116
Belgium,p0p50,2013,0.2107
Belgium,p0p50,2014,0.2097
Belgium,p0p50,2015,0.2097
Belgium,p0p50,2016,0.2112
Belgium,p0p50,2017,0.2115
Belgium,p0p50,2018,0.2041
Belgium,p0p50,2019,0.204
Belgium,p0p50,2020,0.204
Belgium,p0p50,2021,0.204
Belgium,p99p100,1995,0.0808
Belgium,p99p100,1996,0.0837
Belgium,p99p100,1997,0.0826
Belgium,p99p100,1998,0.0814
Belgium,p99p100,1999,0.0821
Belgium,p99p100,2000,0.0821
Belgium,p99p100,2001,0.0797
Belgium,p99p100,2002,0.0763
Belgium,p99p100,2003,0.0767
Belgium,p99p100,2004,0.0852
Belgium,p99p100,2005,0.0844
Belgium,p99p100,2006,0.0872
Belgium,p99p100,2007,0.0951
Belgium,p99p100,2008,0.085
Belgium,p99p100,2009,0.0749
Belgium,p99p100,2010,0.0763
Belgium,p99p100,2011,0.0794
Belgium,p99p100,2012,0.0817
Belgium,p99p100,2013,0.082
Belgium,p99p100,2014,0.0835
Belgium,p99p100,2015,0.0848
Belgium,p99p100,2016,0.0863
Belgium,p99p100,2017,0.085
Belgium,p99p100,2018,0.086
Belgium,p99p100,2019,0.0863
Belgium,p99p100,2020,0.0863
Belgium,p99p100,2021,0.0863
Canada,p90p100,1995,0.3647
Canada,p90p100,1996,0.3716
Canada,p90p100,1997,0.3797
Canada,p90p100,1998,0.3817
Canada,p90p100,1999,0.3847
Canada,p90p100,2000,0.4008
Canada,p90p100,2001,0.3913
Canada,p90p100,2002,0.3899
Canada,p90p100,2003,0.3907
Canada,p90p100,2004,0.3982
Canada,p90p100,2005,0.4068
Canada,p90p100,2006,0.4145
Canada,p90p100,2007,0.4168
Canada,p90p100,2008,0.407
Canada,p90p100,2009,0.3929
Canada,p90p100,2010,0.4016
Canada,p90p100,2011,0.403
Canada,p90p100,2012,0.3983
Canada,p90p100,2013,0.4082
Canada,p90p100,2014,0.4119
Canada,p90p100,2015,0.4125
Canada,p90p100,2016,0.3933
Canada,p90p100,2017,0.4082
Canada,p90p100,2018,0.3984
Canada,p90p100,2019,0.397
Canada,p90p100,2020,0.397
Canada,p90p100,2021,0.397
Canada,p0p50,1995,0.1738
Canada,p0p50,1996,0.1717
Canada,p0p50,1997,0.1679
Canada,p0p50,1998,0.1685
Canada,p0p50,1999,0.1686
Canada,p0p50,2000,0.1629
Canada,p0p50,2001,0.1674
Canada,p0p50,2002,0.1661
Canada,p0p50,2003,0.165
Canada,p0p50,2004,0.1641
Canada,p0p50,2005,0.1624
Canada,p0p50,2006,0.1614
Canada,p0p50,2007,0.161
Canada,p0p50,2008,0.1634
Canada,p0p50,2009,0.1676
Canada,p0p50,2010,0.1652
Canada,p0p50,2011,0.1641
Canada,p0p50,2012,0.1659
Canada,p0p50,2013,0.1622
Canada,p0p50,2014,0.1624
Canada,p0p50,2015,0.1641
Canada,p0p50,2016,0.1712
Canada,p0p50,2017,0.1555
Canada,p0p50,2018,0.1617
Canada,p0p50,2019,0.1625
Canada,p0p50,2020,0.1625
Canada,p0p50,2021,0.1625
Canada,p99p100,1995,0.1052
Canada,p99p100,1996,0.1117
Canada,p99p100,1997,0.1219
Canada,p99p100,1998,0.1252
Canada,p99p100,1999,0.1306
Canada,p99p100,2000,0.1473
Canada,p99p100,2001,0.1387
Canada,p99p100,2002,0.1348
Canada,p99p100,2003,0.135
Canada,p99p100,2004,0.1443
Canada,p99p100,2005,0.1539
Canada,p99p100,2006,0.1608
Canada,p99p100,2007,0.1633
Canada,p99p100,2008,0.1508
Canada,p99p100,2009,0.1323
Canada,p99p100,2010,0.1398
Canada,p99p100,2011,0.1407
Canada,p99p100,2012,0.1342
Canada,p99p100,2013,0.1457
Canada,p99p100,2014,0.1506
Canada,p99p100,2015,0.157
Canada,p99p100,2016,0.1328
Canada,p99p100,2017,0.149
Canada,p99p100,2018,0.1395
Canada,p99p100,2019,0.1391
Canada,p99p100,2020,0.1391
Canada,p99p100,2021,0.1391
Chile,p90p100,1995,0.6036
Chile,p90p100,1996,0.6036
Chile,p90p100,1997,0.6036
Chile,p90p100,1998,0.6036
Chile,p90p100,1999,0.6036
Chile,p90p100,2000,0.6036
Chile,p90p100,2001,0.6074
Chile,p90p100,2002,0.6112
Chile,p90p100,2003,0.6149
Chile,p90p100,2004,0.6215
Chile,p90p100,2005,0.6281
Chile,p90p100,2006,0.6346
Chile,p90p100,2007,0.6318
Chile,p90p100,2008,0.6289
Chile,p90p100,2009,0.6261
Chile,p90p100,2010,0.6447
Chile,p90p100,2011,0.6634
Chile,p90p100,2012,0.6519
Chile,p90p100,2013,0.6405
Chile,p90p100,2014,0.6397
Chile,p90p100,2015,0.639
Chile,p90p100,2016,0.6331
Chile,p90p100,2017,0.6273
Chile,p90p100,2018,0.6273
Chile,p90p100,2019,0.6273
Chile,p90p100,2020,0.6273
Chile,p90p100,2021,0.6273
Chile,p0p50,1995,0.0894
Chile,p0p50,1996,0.0894
Chile,p0p50,1997,0.0894
Chile,p0p50,1998,0.0894
Chile,p0p50,1999,0.0894
Chile,p0p50,2000,0.0894
Chile,p0p50,2001,0.0891
Chile,p0p50,2002,0.0889
Chile,p0p50,2003,0.0887
Chile,p0p50,2004,0.0875
Chile,p0p50,2005,0.0864
Chile,p0p50,2006,0.0853
Chile,p0p50,2007,0.0843
Chile,p0p50,2008,0.0834
Chile,p0p50,2009,0.0825
Chile,p0p50,2010,0.0798
Chile,p0p50,2011,0.0771
Chile,p0p50,2012,0.0807
Chile,p0p50,2013,0.0842
Chile,p0p50,2014,0.0849
Chile,p0p50,2015,0.0856
Chile,p0p50,2016,0.0887
Chile,p0p50,2017,0.0919
Chile,p0p50,2018,0.0919
Chile,p0p50,2019,0.0919
Chile,p0p50,2020,0.0919
Chile,p0p50,2021,0.0919
Chile,p99p100,1995,0.2508
Chile,p99p100,1996,0.2508
Chile,p99p100,1997,0.2508
Chile,p99p100,1998,0.2508
Chile,p99p100,1999,0.2508
Chile,p99p100,2000,0.2508
Chile,p99p100,2001,0.2502
Chile,p99p100,2002,0.2495
Chile,p99p100,2003,0.2488
Chile,p99p100,2004,0.2624
Chile,p99p100,2005,0.276
Chile,p99p100,2006,0.2896
Chile,p99p100,2007,0.2794
Chile,p99p100,2008,0.2693
Chile,p99p100,2009,0.2592
Chile,p99p100,2010,0.2597
Chile,p99p100,2011,0.2602
Chile,p99p100,2012,0.2585
Chile,p99p100,2013,0.2569
Chile,p99p100,2014,0.264
Chile,p99p100,2015,0.271
Chile,p99p100,2016,0.2709
Chile,p99p100,2017,0.2707
Chile,p99p100,2018,0.2707
Chile,p99p100,2019,0.2707
Chile,p99p100,2020,0.2707
Chile,p99p100,2021,0.2707
Colombia,p90p100,1995,0.5664
Colombia,p90p100,1996,0.5664
Colombia,p90p100,1997,0.5664
Colombia,p90p100,1998,0.5664
Colombia,p90p100,1999,0.5664
Colombia,p90p100,2000,0.5664
Colombia,p90p100,2001,0.5664
Colombia,p90p100,2002,0.5664
Colombia,p90p100,2003,0.5778
Colombia,p90p100,2004,0.5663
Colombia,p90p100,2005,0.5569
Colombia,p90p100,2006,0.5611
Colombia,p90p100,2007,0.5653
Colombia,p90p100,2008,0.5694
Colombia,p90p100,2009,0.5656
Colombia,p90p100,2010,0.5613
Colombia,p90p100,2011,0.5597
Colombia,p90p100,2012,0.538
Colombia,p90p100,2013,0.5448
Colombia,p90p100,2014,0.5449
Colombia,p90p100,2015,0.5335
Colombia,p90p100,2016,0.5338
Colombia,p90p100,2017,0.5368
Colombia,p90p100,2018,0.5469
Colombia,p90p100,2019,0.5469
Colombia,p90p100,2020,0.5469
Colombia,p90p100,2021,0.5469
Colombia,p0p50,1995,0.085
Colombia,p0p50,1996,0.085
Colombia,p0p50,1997,0.085
Colombia,p0p50,1998,0.085
Colombia,p0p50,1999,0.085
Colombia,p0p50,2000,0.085
Colombia,p0p50,2001,0.085
Colombia,p0p50,2002,0.085
Colombia,p0p50,2003,0.0886
Colombia,p0p50,2004,0.0903
Colombia,p0p50,2005,0.0955
Colombia,p0p50,2006,0.0924
Colombia,p0p50,2007,0.0892
Colombia,p0p50,2008,0.0861
Colombia,p0p50,2009,0.0878
Colombia,p0p50,2010,0.0892
Colombia,p0p50,2011,0.0945
Colombia,p0p50,2012,0.0986
Colombia,p0p50,2013,0.0979
Colombia,p0p50,2014,0.0988
Colombia,p0p50,2015,0.1044
Colombia,p0p50,2016,0.1062
Colombia,p0p50,2017,0.1033
Colombia,p0p50,2018,0.0993
Colombia,p0p50,2019,0.0993
Colombia,p0p50,2020,0.0993
Colombia,p0p50,2021,0.0993
Colombia,p99p100,1995,0.209
Colombia,p99p100,1996,0.213
Colombia,p99p100,1997,0.2121
Colombia,p99p100,1998,0.2102
Colombia,p99p100,1999,0.1999
Colombia,p99p100,2000,0.1942
Colombia,p99p100,2001,0.1942
Colombia,p99p100,2002,0.1942
Colombia,p99p100,2003,0.2045
Colombia,p99p100,2004,0.2018
Colombia,p99p100,2005,0.1922
Colombia,p99p100,2006,0.195
Colombia,p99p100,2007,0.1978
Colombia,p99p100,2008,0.2007
Colombia,p99p100,2009,0.191
Colombia,p99p100,2010,0.19
Colombia,p99p100,2011,0.2083
Colombia,p99p100,2012,0.1838
Colombia,p99p100,2013,0.1916
Colombia,p99p100,2014,0.1946
Colombia,p99p100,2015,0.1862
Colombia,p99p100,2016,0.1889
Colombia,p99p100,2017,0.1789
Colombia,p99p100,2018,0.1989
Colombia,p99p100,2019,0.1989
Colombia,p99p100,2020,0.1989
Colombia,p99p100,2021,0.1989
Costa Rica,p90p100,1995,0.5145
Costa Rica,p90p100,1996,0.5145
Costa Rica,p90p100,1997,0.5145
Costa Rica,p90p100,1998,0.5145
Costa Rica,p90p100,1999,0.5145
Costa Rica,p90p100,2000,0.5145
Costa Rica,p90p100,2001,0.5145
Costa Rica,p90p100,2002,0.5145
Costa Rica,p90p100,2003,0.5145
Costa Rica,p90p100,2004,0.5145
Costa Rica,p90p100,2005,0.5145
Costa Rica,p90p100,2006,0.5145
Costa Rica,p90p100,2007,0.5145
Costa Rica,p90p100,2008,0.5145
Costa Rica,p90p100,2009,0.5145
Costa Rica,p90p100,2010,0.5145
Costa Rica,p90p100,2011,0.5212
Costa Rica,p90p100,2012,0.5254
Costa Rica,p90p100,2013,0.5258
Costa Rica,p90p100,2014,0.5239
Costa Rica,p90p100,2015,0.5333
Costa Rica,p90p100,2016,0.5435
Costa Rica,p90p100,2017,0.5238
Costa Rica,p90p100,2018,0.5389
Costa Rica,p90p100,2019,0.5275
Costa Rica,p90p100,2020,0.5275
Costa Rica,p90p100,2021,0.5275
Costa Rica,p0p50,1995,0.1102
Costa Rica,p0p50,1996,0.1102
Costa Rica,p0p50,1997,0.1102
Costa Rica,p0p50,1998,0.1102
Costa Rica,p0p50,1999,0.1102
Costa Rica,p0p50,2000,0.1102
Costa Rica,p0p50,2001,0.1102
Costa Rica,p0p50,2002,0.1102
Costa Rica,p0p50,2003,0.1102
Costa Rica,p0p50,2004,0.1102
Costa Rica,p0p50,2005,0.1102
Costa Rica,p0p50,2006,0.1102
Costa Rica,p0p50,2007,0.1102
Costa Rica,p0p50,2008,0.1102
Costa Rica,p0p50,2009,0.1102
Costa Rica,p0p50,2010,0.1102
Costa Rica,p0p50,2011,0.1048
Costa Rica,p0p50,2012,0.1031
Costa Rica,p0p50,2013,0.099
Costa Rica,p0p50,2014,0.1006
Costa Rica,p0p50,2015,0.0999
Costa Rica,p0p50,2016,0.0987
Costa Rica,p0p50,2017,0.1039
Costa Rica,p0p50,2018,0.0993
Costa Rica,p0p50,2019,0.102
Costa Rica,p0p50,2020,0.102
Costa Rica,p0p50,2021,0.102
Costa Rica,p99p100,1995,0.1897
Costa Rica,p99p100,1996,0.1897
Costa Rica,p99p100,1997,0.1897
Costa Rica,p99p100,1998,0.1897
Costa Rica,p99p100,1999,0.1897
Costa Rica,p99p100,2000,0.1897
Costa Rica,p99p100,2001,0.1897
Costa Rica,p99p100,2002,0.1897
Costa Rica,p99p100,2003,0.1897
Costa Rica,p99p100,2004,0.1897
Costa Rica,p99p100,2005,0.1897
Costa Rica,p99p100,2006,0.1897
Costa Rica,p99p100,2007,0.1897
Costa Rica,p99p100,2008,0.1897
Costa Rica,p99p100,2009,0.1897
Costa Rica,p99p100,2010,0.1897
Costa Rica,p99p100,2011,0.1909
Costa Rica,p99p100,2012,0.1717
Costa Rica,p99p100,2013,0.1734
Costa Rica,p99p100,2014,0.1464
Costa Rica,p99p100,2015,0.173
Costa Rica,p99p100,2016,0.2094
Costa Rica,p99p100,2017,0.1682
Costa Rica,p99p100,2018,0.2089
Costa Rica,p99p100,2019,0.1913
Costa Rica,p99p100,2020,0.1913
Costa Rica,p99p100,2021,0.1913
Czech Republic,p90p100,1995,0.2938
Czech Republic,p90p100,1996,0.299
Czech Republic,p90p100,1997,0.2864
Czech Republic,p90p100,1998,0.306
Czech Republic,p90p100,1999,0.3025
Czech Republic,p90p100,2000,0.3001
Czech Republic,p90p100,2001,0.2997
Czech Republic,p90p100,2002,0.2923
Czech Republic,p90p100,2003,0.2972
Czech Republic,p90p100,2004,0.2977
Czech Republic,p90p100,2005,0.3014
Czech Republic,p90p100,2006,0.3017
Czech Republic,p90p100,2007,0.3027
Czech Republic,p90p100,2008,0.3215
Czech Republic,p90p100,2009,0.2984
Czech Republic,p90p100,2010,0.2978
Czech Republic,p90p100,2011,0.29
Czech Republic,p90p100,2012,0.3033
Czech Republic,p90p100,2013,0.2966
Czech Republic,p90p100,2014,0.3029
Czech Republic,p90p100,2015,0.3072
Czech Republic,p90p100,2016,0.2979
Czech Republic,p90p100,2017,0.2953
Czech Republic,p90p100,2018,0.2877
Czech Republic,p90p100,2019,0.2854
Czech Republic,p90p100,2020,0.2857
Czech Republic,p90p100,2021,0.2857
Czech Republic,p0p50,1995,0.2559
Czech Republic,p0p50,1996,0.25
Czech Republic,p0p50,1997,0.2595
Czech Republic,p0p50,1998,0.2496
Czech Republic,p0p50,1999,0.2494
Czech Republic,p0p50,2000,0.2533
Czech Republic,p0p50,2001,0.2548
Czech Republic,p0p50,2002,0.2593
Czech Republic,p0p50,2003,0.2531
Czech Republic,p0p50,2004,0.2514
Czech Republic,p0p50,2005,0.2525
Czech Republic,p0p50,2006,0.2465
Czech Republic,p0p50,2007,0.249
Czech Republic,p0p50,2008,0.2421
Czech Republic,p0p50,2009,0.2548
Czech Republic,p0p50,2010,0.2508
Czech Republic,p0p50,2011,0.2604
Czech Republic,p0p50,2012,0.2531
Czech Republic,p0p50,2013,0.2611
Czech Republic,p0p50,2014,0.2506
Czech Republic,p0p50,2015,0.2456
Czech Republic,p0p50,2016,0.254
Czech Republic,p0p50,2017,0.2518
Czech Republic,p0p50,2018,0.2537
Czech Republic,p0p50,2019,0.255
Czech Republic,p0p50,2020,0.2548
Czech Republic,p0p50,2021,0.2548
Czech Republic,p99p100,1995,0.1079
Czech Republic,p99p100,1996,0.1095
Czech Republic,p99p100,1997,0.1007
Czech Republic,p99p100,1998,0.1151
Czech Republic,p99p100,1999,0.1125
Czech Republic,p99p100,2000,0.1107
Czech Republic,p99p100,2001,0.1115
Czech Republic,p99p100,2002,0.106
Czech Republic,p99p100,2003,0.1069
Czech Republic,p99p100,2004,0.1082
Czech Republic,p99p100,2005,0.1155
Czech Republic,p99p100,2006,0.1055
Czech Republic,p99p100,2007,0.1129
Czech Republic,p99p100,2008,0.1356
Czech Republic,p99p100,2009,0.1139
Czech Republic,p99p100,2010,0.1073
Czech Republic,p99p100,2011,0.1031
Czech Republic,p99p100,2012,0.1114
Czech Republic,p99p100,2013,0.1041
Czech Republic,p99p100,2014,0.1061
Czech Republic,p99p100,2015,0.1122
Czech Republic,p99p100,2016,0.1077
Czech Republic,p99p100,2017,0.1073
Czech Republic,p99p100,2018,0.102
Czech Republic,p99p100,2019,0.1002
Czech Republic,p99p100,2020,0.1004
Czech Republic,p99p100,2021,0.1004
Denmark,p90p100,1995,0.2836
Denmark,p90p100,1996,0.2863
Denmark,p90p100,1997,0.2981
Denmark,p90p100,1998,0.2954
Denmark,p90p100,1999,0.3097
Denmark,p90p100,2000,0.3131
Denmark,p90p100,2001,0.2959
Denmark,p90p100,2002,0.2949
Denmark,p90p100,2003,0.285
Denmark,p90p100,2004,0.2908
Denmark,p90p100,2005,0.3065
Denmark,p90p100,2006,0.3108
Denmark,p90p100,2007,0.305
Denmark,p90p100,2008,0.3007
Denmark,p90p100,2009,0.29
Denmark,p90p100,2010,0.3156
Denmark,p90p100,2011,0.3165
Denmark,p90p100,2012,0.3175
Denmark,p90p100,2013,0.3276
Denmark,p90p100,2014,0.3349
Denmark,p90p100,2015,0.3301
Denmark,p90p100,2016,0.333
Denmark,p90p100,2017,0.3333
Denmark,p90p100,2018,0.3328
Denmark,p90p100,2019,0.3364
Denmark,p90p100,2020,0.3386
Denmark,p90p100,2021,0.3386
Denmark,p0p50,1995,0.2481
Denmark,p0p50,1996,0.2478
Denmark,p0p50,1997,0.2425
Denmark,p0p50,1998,0.2434
Denmark,p0p50,1999,0.2376
Denmark,p0p50,2000,0.2368
Denmark,p0p50,2001,0.2428
Denmark,p0p50,2002,0.243
Denmark,p0p50,2003,0.2524
Denmark,p0p50,2004,0.2466
Denmark,p0p50,2005,0.2413
Denmark,p0p50,2006,0.2393
Denmark,p0p50,2007,0.2425
Denmark,p0p50,2008,0.2371
Denmark,p0p50,2009,0.2411
Denmark,p0p50,2010,0.2305
Denmark,p0p50,2011,0.2286
Denmark,p0p50,2012,0.2277
Denmark,p0p50,2013,0.222
Denmark,p0p50,2014,0.2197
Denmark,p0p50,2015,0.2203
Denmark,p0p50,2016,0.2189
Denmark,p0p50,2017,0.2174
Denmark,p0p50,2018,0.216
Denmark,p0p50,2019,0.2146
Denmark,p0p50,2020,0.2138
Denmark,p0p50,2021,0.2138
Denmark,p99p100,1995,0.0936
Denmark,p99p100,1996,0.0962
Denmark,p99p100,1997,0.1054
Denmark,p99p100,1998,0.1031
Denmark,p99p100,1999,0.1146
Denmark,p99p100,2000,0.1171
Denmark,p99p100,2001,0.1017
Denmark,p99p100,2002,0.1006
Denmark,p99p100,2003,0.0923
Denmark,p99p100,2004,0.0977
Denmark,p99p100,2005,0.11
Denmark,p99p100,2006,0.1148
Denmark,p99p100,2007,0.1094
Denmark,p99p100,2008,0.1037
Denmark,p99p100,2009,0.095
Denmark,p99p100,2010,0.1142
Denmark,p99p100,2011,0.1146
Denmark,p99p100,2012,0.1176
Denmark,p99p100,2013,0.1221
Denmark,p99p100,2014,0.1291
Denmark,p99p100,2015,0.1273
Denmark,p99p100,2016,0.1277
Denmark,p99p100,2017,0.1251
Denmark,p99p100,2018,0.1237
Denmark,p99p100,2019,0.1272
Denmark,p99p100,2020,0.1291
Denmark,p99p100,2021,0.1291
Estonia,p90p100,1995,0.4186
Estonia,p90p100,1996,0.43
Estonia,p90p100,1997,0.4221
Estonia,p90p100,1998,0.4239
Estonia,p90p100,1999,0.4164
Estonia,p90p100,2000,0.4156
Estonia,p90p100,2001,0.4116
Estonia,p90p100,2002,0.4274
Estonia,p90p100,2003,0.4297
Estonia,p90p100,2004,0.4099
Estonia,p90p100,2005,0.4472
Estonia,p90p100,2006,0.4086
Estonia,p90p100,2007,0.3947
Estonia,p90p100,2008,0.3753
Estonia,p90p100,2009,0.3439
Estonia,p90p100,2010,0.359
Estonia,p90p100,2011,0.3718
Estonia,p90p100,2012,0.3912
Estonia,p90p100,2013,0.388
Estonia,p90p100,2014,0.3841
Estonia,p90p100,2015,0.3579
Estonia,p90p100,2016,0.3621
Estonia,p90p100,2017,0.3534
Estonia,p90p100,2018,0.3595
Estonia,p90p100,2019,0.3462
Estonia,p90p100,2020,0.3474
Estonia,p90p100,2021,0.3474
Estonia,p0p50,1995,0.1486
Estonia,p0p50,1996,0.1537
Estonia,p0p50,1997,0.1563
Estonia,p0p50,1998,0.1574
Estonia,p0p50,1999,0.159
Estonia,p0p50,2000,0.153
Estonia,p0p50,2001,0.1548
Estonia,p0p50,2002,0.1498
Estonia,p0p50,2003,0.135
Estonia,p0p50,2004,0.1505
Estonia,p0p50,2005,0.1477
Estonia,p0p50,2006,0.158
Estonia,p0p50,2007,0.1651
Estonia,p0p50,2008,0.1765
Estonia,p0p50,2009,0.19
Estonia,p0p50,2010,0.1808
Estonia,p0p50,2011,0.1742
Estonia,p0p50,2012,0.1686
Estonia,p0p50,2013,0.1589
Estonia,p0p50,2014,0.1618
Estonia,p0p50,2015,0.1729
Estonia,p0p50,2016,0.174
Estonia,p0p50,2017,0.1787
Estonia,p0p50,2018,0.1785
Estonia,p0p50,2019,0.1827
Estonia,p0p50,2020,0.1824
Estonia,p0p50,2021,0.1824
Estonia,p99p100,1995,0.1603
Estonia,p99p100,1996,0.1742
Estonia,p99p100,1997,0.1657
Estonia,p99p100,1998,0.1615
Estonia,p99p100,1999,0.1589
Estonia,p99p100,2000,0.1558
Estonia,p99p100,2001,0.1502
Estonia,p99p100,2002,0.163
Estonia,p99p100,2003,0.1613
Estonia,p99p100,2004,0.1541
Estonia,p99p100,2005,0.1924
Estonia,p99p100,2006,0.1552
Estonia,p99p100,2007,0.1556
Estonia,p99p100,2008,0.1308
Estonia,p99p100,2009,0.095
Estonia,p99p100,2010,0.1096
Estonia,p99p100,2011,0.1261
Estonia,p99p100,2012,0.1409
Estonia,p99p100,2013,0.1282
Estonia,p99p100,2014,0.13
Estonia,p99p100,2015,0.1114
Estonia,p99p100,2016,0.123
Estonia,p99p100,2017,0.1274
Estonia,p99p100,2018,0.1302
Estonia,p99p100,2019,0.1165
Estonia,p99p100,2020,0.1176
Estonia,p99p100,2021,0.1176
Finland,p90p100,1995,0.2979
Finland,p90p100,1996,0.3014
Finland,p90p100,1997,0.318
Finland,p90p100,1998,0.3263
Finland,p90p100,1999,0.3335
Finland,p90p100,2000,0.3458
Finland,p90p100,2001,0.3374
Finland,p90p100,2002,0.333
Finland,p90p100,2003,0.3258
Finland,p90p100,2004,0.3379
Finland,p90p100,2005,0.3213
Finland,p90p100,2006,0.3336
Finland,p90p100,2007,0.3311
Finland,p90p100,2008,0.3406
Finland,p90p100,2009,0.3228
Finland,p90p100,2010,0.3264
Finland,p90p100,2011,0.3235
Finland,p90p100,2012,0.3177
Finland,p90p100,2013,0.3153
Finland,p90p100,2014,0.3205
Finland,p90p100,2015,0.3293
Finland,p90p100,2016,0.329
Finland,p90p100,2017,0.3386
Finland,p90p100,2018,0.3361
Finland,p90p100,2019,0.334
Finland,p90p100,2020,0.3399
Finland,p90p100,2021,0.3399
Finland,p0p50,1995,0.2382
Finland,p0p50,1996,0.2336
Finland,p0p50,1997,0.2306
Finland,p0p50,1998,0.2291
Finland,p0p50,1999,0.2294
Finland,p0p50,2000,0.2231
Finland,p0p50,2001,0.2264
Finland,p0p50,2002,0.2286
Finland,p0p50,2003,0.2289
Finland,p0p50,2004,0.2271
Finland,p0p50,2005,0.2277
Finland,p0p50,2006,0.2222
Finland,p0p50,2007,0.2229
Finland,p0p50,2008,0.2138
Finland,p0p50,2009,0.2166
Finland,p0p50,2010,0.2121
Finland,p0p50,2011,0.2128
Finland,p0p50,2012,0.2152
Finland,p0p50,2013,0.2185
Finland,p0p50,2014,0.2176
Finland,p0p50,2015,0.2137
Finland,p0p50,2016,0.2159
Finland,p0p50,2017,0.2155
Finland,p0p50,2018,0.2165
Finland,p0p50,2019,0.2171
Finland,p0p50,2020,0.2151
Finland,p0p50,2021,0.2151
Finland,p99p100,1995,0.0894
Finland,p99p100,1996,0.0909
Finland,p99p100,1997,0.106
Finland,p99p100,1998,0.1157
Finland,p99p100,1999,0.1254
Finland,p99p100,2000,0.1347
Finland,p99p100,2001,0.1288
Finland,p99p100,2002,0.1254
Finland,p99p100,2003,0.118
Finland,p99p100,2004,0.1295
Finland,p99p100,2005,0.1101
Finland,p99p100,2006,0.1181
Finland,p99p100,2007,0.1155
Finland,p99p100,2008,0.1126
Finland,p99p100,2009,0.0901
Finland,p99p100,2010,0.0962
Finland,p99p100,2011,0.0924
Finland,p99p100,2012,0.0876
Finland,p99p100,2013,0.086
Finland,p99p100,2014,0.0901
Finland,p99p100,2015,0.0956
Finland,p99p100,2016,0.0968
Finland,p99p100,2017,0.1061
Finland,p99p100,2018,0.1049
Finland,p99p100,2019,0.1028
Finland,p99p100,2020,0.1088
Finland,p99p100,2021,0.1088
France,p90p100,1995,0.3235
France,p90p100,1996,0.3258
France,p90p100,1997,0.3359
France,p90p100,1998,0.3361
France,p90p100,1999,0.3367
France,p90p100,2000,0.3372
France,p90p100,2001,0.3357
France,p90p100,2002,0.3332
France,p90p100,2003,0.3366
France,p90p100,2004,0.336
France,p90p100,2005,0.3339
France,p90p100,2006,0.333
France,p90p100,2007,0.3375
France,p90p100,2008,0.339
France,p90p100,2009,0.3228
France,p90p100,2010,0.3282
France,p90p100,2011,0.3363
France,p90p100,2012,0.3208
France,p90p100,2013,0.3238
France,p90p100,2014,0.3277
France,p90p100,2015,0.3247
France,p90p100,2016,0.3229
France,p90p100,2017,0.32
France,p90p100,2018,0.3201
France,p90p100,2019,0.3225
France,p90p100,2020,0.3223
France,p90p100,2021,0.3223
France,p0p50,1995,0.2107
France,p0p50,1996,0.2098
France,p0p50,1997,0.2126
France,p0p50,1998,0.2073
France,p0p50,1999,0.2111
France,p0p50,2000,0.2094
France,p0p50,2001,0.213
France,p0p50,2002,0.2168
France,p0p50,2003,0.2167
France,p0p50,2004,0.2165
France,p0p50,2005,0.2192
France,p0p50,2006,0.2187
France,p0p50,2007,0.2172
France,p0p50,2008,0.2153
France,p0p50,2009,0.2237
France,p0p50,2010,0.2195
France,p0p50,2011,0.2192
France,p0p50,2012,0.2228
France,p0p50,2013,0.223
France,p0p50,2014,0.2208
France,p0p50,2015,0.2263
France,p0p50,2016,0.2278
France,p0p50,2017,0.2292
France,p0p50,2018,0.2281
France,p0p50,2019,0.2271
France,p0p50,2020,0.2272
France,p0p50,2021,0.2272
France,p99p100,1995,0.0922
France,p99p100,1996,0.0992
France,p99p100,1997,0.1026
France,p99p100,1998,0.107
France,p99p100,1999,0.109
France,p99p100,2000,0.1081
France,p99p100,2001,0.1096
France,p99p100,2002,0.1063
France,p99p100,2003,0.1112
France,p99p100,2004,0.1151
France,p99p100,2005,0.1122
France,p99p100,2006,0.1129
France,p99p100,2007,0.1162
France,p99p100,2008,0.1132
France,p99p100,2009,0.0992
France,p99p100,2010,0.1058
France,p99p100,2011,0.1111
France,p99p100,2012,0.1025
France,p99p100,2013,0.1013
France,p99p100,2014,0.1031
France,p99p100,2015,0.1005
France,p99p100,2016,0.099
France,p99p100,2017,0.0977
France,p99p100,2018,0.0966
France,p99p100,2019,0.0986
France,p99p100,2020,0.0984
France,p99p100,2021,0.0984
Germany,p90p100,1995,0.2975
Germany,p90p100,1996,0.3062
Germany,p90p100,1997,0.3136
Germany,p90p100,1998,0.3222
Germany,p90p100,1999,0.3213
Germany,p90p100,2000,0.322
Germany,p90p100,2001,0.3237
Germany,p90p100,2002,0.3237
Germany,p90p100,2003,0.3161
Germany,p90p100,2004,0.3286
Germany,p90p100,2005,0.3473
Germany,p90p100,2006,0.3541
Germany,p90p100,2007,0.3703
Germany,p90p100,2008,0.3675
Germany,p90p100,2009,0.3724
Germany,p90p100,2010,0.3668
Germany,p90p100,2011,0.3678
Germany,p90p100,2012,0.3632
Germany,p90p100,2013,0.3776
Germany,p90p100,2014,0.3826
Germany,p90p100,2015,0.3818
Germany,p90p100,2016,0.381
Germany,p90p100,2017,0.3778
Germany,p90p100,2018,0.3729
Germany,p90p100,2019,0.3722
Germany,p90p100,2020,0.3707
Germany,p90p100,2021,0.3707
Germany,p0p50,1995,0.2303
Germany,p0p50,1996,0.2252
Germany,p0p50,1997,0.22
Germany,p0p50,1998,0.2157
Germany,p0p50,1999,0.2161
Germany,p0p50,2000,0.2154
Germany,p0p50,2001,0.2132
Germany,p0p50,2002,0.2099
Germany,p0p50,2003,0.2146
Germany,p0p50,2004,0.2087
Germany,p0p50,2005,0.198
Germany,p0p50,2006,0.1967
Germany,p0p50,2007,0.1928
Germany,p0p50,2008,0.1909
Germany,p0p50,2009,0.1911
Germany,p0p50,2010,0.1931
Germany,p0p50,2011,0.1909
Germany,p0p50,2012,0.1897
Germany,p0p50,2013,0.1826
Germany,p0p50,2014,0.1814
Germany,p0p50,2015,0.1824
Germany,p0p50,2016,0.1843
Germany,p0p50,2017,0.1859
Germany,p0p50,2018,0.1888
Germany,p0p50,2019,0.1892
Germany,p0p50,2020,0.1899
Germany,p0p50,2021,0.1899
Germany,p99p100,1995,0.0877
Germany,p99p100,1996,0.0954
Germany,p99p100,1997,0.1022
Germany,p99p100,1998,0.1098
Germany,p99p100,1999,0.1064
Germany,p99p100,2000,0.1047
Germany,p99p100,2001,0.1029
Germany,p99p100,2002,0.1008
Germany,p99p100,2003,0.0946
Germany,p99p100,2004,0.1059
Germany,p99p100,2005,0.1206
Germany,p99p100,2006,0.1273
Germany,p99p100,2007,0.1361
Germany,p99p100,2008,0.1345
Germany,p99p100,2009,0.1297
Germany,p99p100,2010,0.1286
Germany,p99p100,2011,0.1279
Germany,p99p100,2012,0.1258
Germany,p99p100,2013,0.131
Germany,p99p100,2014,0.1325
Germany,p99p100,2015,0.1326
Germany,p99p100,2016,0.1325
Germany,p99p100,2017,0.1317
Germany,p99p100,2018,0.1294
Germany,p99p100,2019,0.1287
Germany,p99p100,2020,0.1277
Germany,p99p100,2021,0.1277
Greece,p90p100,1995,0.3535
Greece,p90p100,1996,0.3599
Greece,p90p100,1997,0.3784
Greece,p90p100,1998,0.387
Greece,p90p100,1999,0.3954
Greece,p90p100,2000,0.4029
Greece,p90p100,2001,0.3982
Greece,p90p100,2002,0.3789
Greece,p90p100,2003,0.3627
Greece,p90p100,2004,0.3712
Greece,p90p100,2005,0.3747
Greece,p90p100,2006,0.3664
Greece,p90p100,2007,0.3556
Greece,p90p100,2008,0.3315
Greece,p90p100,2009,0.3251
Greece,p90p100,2010,0.3374
Greece,p90p100,2011,0.3142
Greece,p90p100,2012,0.3177
Greece,p90p100,2013,0.3329
Greece,p90p100,2014,0.3574
Greece,p90p100,2015,0.3538
Greece,p90p100,2016,0.3467
Greece,p90p100,2017,0.3383
Greece,p90p100,2018,0.3276
Greece,p90p100,2019,0.3253
Greece,p90p100,2020,0.3261
Greece,p90p100,2021,0.3261
Greece,p0p50,1995,0.1708
Greece,p0p50,1996,0.168
Greece,p0p50,1997,0.1628
Greece,p0p50,1998,0.1587
Greece,p0p50,1999,0.1574
Greece,p0p50,2000,0.1521
Greece,p0p50,2001,0.1537
Greece,p0p50,2002,0.1657
Greece,p0p50,2003,0.1784
Greece,p0p50,2004,0.1764
Greece,p0p50,2005,0.1746
Greece,p0p50,2006,0.18
Greece,p0p50,2007,0.1859
Greece,p0p50,2008,0.1986
Greece,p0p50,2009,0.2015
Greece,p0p50,2010,0.1939
Greece,p0p50,2011,0.1962
Greece,p0p50,2012,0.1959
Greece,p0p50,2013,0.1976
Greece,p0p50,2014,0.186
Greece,p0p50,2015,0.1874
Greece,p0p50,2016,0.1931
Greece,p0p50,2017,0.2008
Greece,p0p50,2018,0.2095
Greece,p0p50,2019,0.2104
Greece,p0p50,2020,0.2101
Greece,p0p50,2021,0.2101
Greece,p99p100,1995,0.0969
Greece,p99p100,1996,0.1
Greece,p99p100,1997,0.1152
Greece,p99p100,1998,0.1216
Greece,p99p100,1999,0.1287
Greece,p99p100,2000,0.1255
Greece,p99p100,2001,0.1233
Greece,p99p100,2002,0.1097
Greece,p99p100,2003,0.1076
Greece,p99p100,2004,0.1144
Greece,p99p100,2005,0.1144
Greece,p99p100,2006,0.1137
Greece,p99p100,2007,0.1067
Greece,p99p100,2008,0.0891
Greece,p99p100,2009,0.0846
Greece,p99p100,2010,0.0881
Greece,p99p100,2011,0.0728
Greece,p99p100,2012,0.0785
Greece,p99p100,2013,0.0994
Greece,p99p100,2014,0.125
Greece,p99p100,2015,0.1222
Greece,p99p100,2016,0.1162
Greece,p99p100,2017,0.1093
Greece,p99p100,2018,0.1092
Greece,p99p100,2019,0.1074
Greece,p99p100,2020,0.108
Greece,p99p100,2021,0.108
Hungary,p90p100,1995,0.2586
Hungary,p90p100,1996,0.2637
Hungary,p90p100,1997,0.2762
Hungary,p90p100,1998,0.2814
Hungary,p90p100,1999,0.2916
Hungary,p90p100,2000,0.2891
Hungary,p90p100,2001,0.3079
Hungary,p90p100,2002,0.3243
Hungary,p90p100,2003,0.3238
Hungary,p90p100,2004,0.3161
Hungary,p90p100,2005,0.3363
Hungary,p90p100,2006,0.3464
Hungary,p90p100,2007,0.3488
Hungary,p90p100,2008,0.3415
Hungary,p90p100,2009,0.332
Hungary,p90p100,2010,0.3367
Hungary,p90p100,2011,0.328
Hungary,p90p100,2012,0.3181
Hungary,p90p100,2013,0.3327
Hungary,p90p100,2014,0.3288
Hungary,p90p100,2015,0.3295
Hungary,p90p100,2016,0.3306
Hungary,p90p100,2017,0.3357
Hungary,p90p100,2018,0.3359
Hungary,p90p100,2019,0.3395
Hungary,p90p100,2020,0.3384
Hungary,p90p100,2021,0.3384
Hungary,p0p50,1995,0.2819
Hungary,p0p50,1996,0.2854
Hungary,p0p50,1997,0.2777
Hungary,p0p50,1998,0.2771
Hungary,p0p50,1999,0.2632
Hungary,p0p50,2000,0.2648
Hungary,p0p50,2001,0.2538
Hungary,p0p50,2002,0.2467
Hungary,p0p50,2003,0.2428
Hungary,p0p50,2004,0.2509
Hungary,p0p50,2005,0.2412
Hungary,p0p50,2006,0.2329
Hungary,p0p50,2007,0.2253
Hungary,p0p50,2008,0.2316
Hungary,p0p50,2009,0.2351
Hungary,p0p50,2010,0.2306
Hungary,p0p50,2011,0.2335
Hungary,p0p50,2012,0.2371
Hungary,p0p50,2013,0.2314
Hungary,p0p50,2014,0.2303
Hungary,p0p50,2015,0.2299
Hungary,p0p50,2016,0.2321
Hungary,p0p50,2017,0.2295
Hungary,p0p50,2018,0.2204
Hungary,p0p50,2019,0.2197
Hungary,p0p50,2020,0.22
Hungary,p0p50,2021,0.22
Hungary,p99p100,1995,0.0729
Hungary,p99p100,1996,0.0801
Hungary,p99p100,1997,0.0829
Hungary,p99p100,1998,0.087
Hungary,p99p100,1999,0.0889
Hungary,p99p100,2000,0.0924
Hungary,p99p100,2001,0.1014
Hungary,p99p100,2002,0.1094
Hungary,p99p100,2003,0.107
Hungary,p99p100,2004,0.1054
Hungary,p99p100,2005,0.1184
Hungary,p99p100,2006,0.1257
Hungary,p99p100,2007,0.1132
Hungary,p99p100,2008,0.1127
Hungary,p99p100,2009,0.1105
Hungary,p99p100,2010,0.1143
Hungary,p99p100,2011,0.1094
Hungary,p99p100,2012,0.1025
Hungary,p99p100,2013,0.1157
Hungary,p99p100,2014,0.1159
Hungary,p99p100,2015,0.1171
Hungary,p99p100,2016,0.1203
Hungary,p99p100,2017,0.1191
Hungary,p99p100,2018,0.1199
Hungary,p99p100,2019,0.1239
Hungary,p99p100,2020,0.1227
Hungary,p99p100,2021,0.1227
Iceland,p90p100,1995,0.3005
Iceland,p90p100,1996,0.301
Iceland,p90p100,1997,0.3019
Iceland,p90p100,1998,0.3028
Iceland,p90p100,1999,0.305
Iceland,p90p100,2000,0.3051
Iceland,p90p100,2001,0.3213
Iceland,p90p100,2002,0.3282
Iceland,p90p100,2003,0.3225
Iceland,p90p100,2004,0.3079
Iceland,p90p100,2005,0.3116
Iceland,p90p100,2006,0.3209
Iceland,p90p100,2007,0.3542
Iceland,p90p100,2008,0.2925
Iceland,p90p100,2009,0.2768
Iceland,p90p100,2010,0.2677
Iceland,p90p100,2011,0.2733
Iceland,p90p100,2012,0.2772
Iceland,p90p100,2013,0.2968
Iceland,p90p100,2014,0.2955
Iceland,p90p100,2015,0.2949
Iceland,p90p100,2016,0.2916
Iceland,p90p100,2017,0.2908
Iceland,p90p100,2018,0.2908
Iceland,p90p100,2019,0.2908
Iceland,p90p100,2020,0.2908
Iceland,p90p100,2021,0.2908
Iceland,p0p50,1995,0.2257
Iceland,p0p50,1996,0.2239
Iceland,p0p50,1997,0.2222
Iceland,p0p50,1998,0.22
Iceland,p0p50,1999,0.2182
Iceland,p0p50,2000,0.2193
Iceland,p0p50,2001,0.2145
Iceland,p0p50,2002,0.213
Iceland,p0p50,2003,0.2175
Iceland,p0p50,2004,0.2236
Iceland,p0p50,2005,0.2226
Iceland,p0p50,2006,0.2185
Iceland,p0p50,2007,0.2124
Iceland,p0p50,2008,0.2361
Iceland,p0p50,2009,0.2438
Iceland,p0p50,2010,0.2459
Iceland,p0p50,2011,0.2454
Iceland,p0p50,2012,0.2456
Iceland,p0p50,2013,0.2382
Iceland,p0p50,2014,0.2398
Iceland,p0p50,2015,0.2392
Iceland,p0p50,2016,0.2421
Iceland,p0p50,2017,0.2498
Iceland,p0p50,2018,0.2498
Iceland,p0p50,2019,0.2498
Iceland,p0p50,2020,0.2498
Iceland,p0p50,2021,0.2498
Iceland,p99p100,1995,0.0753
Iceland,p99p100,1996,0.0755
Iceland,p99p100,1997,0.0767
Iceland,p99p100,1998,0.0775
Iceland,p99p100,1999,0.0801
Iceland,p99p100,2000,0.0828
Iceland,p99p100,2001,0.1013
Iceland,p99p100,2002,0.1089
Iceland,p99p100,2003,0.1085
Iceland,p99p100,2004,0.0916
Iceland,p99p100,2005,0.1018
Iceland,p99p100,2006,0.1061
Iceland,p99p100,2007,0.1458
Iceland,p99p100,2008,0.0787
Iceland,p99p100,2009,0.0663
Iceland,p99p100,2010,0.0555
Iceland,p99p100,2011,0.0583
Iceland,p99p100,2012,0.063
Iceland,p99p100,2013,0.0825
Iceland,p99p100,2014,0.084
Iceland,p99p100,2015,0.0829
Iceland,p99p100,2016,0.0837
Iceland,p99p100,2017,0.0879
Iceland,p99p100,2018,0.0878
Iceland,p99p100,2019,0.0878
Iceland,p99p100,2020,0.0878
Iceland,p99p100,2021,0.0878
Ireland,p90p100,1995,0.3307
Ireland,p90p100,1996,0.3168
Ireland,p90p100,1997,0.3337
Ireland,p90p100,1998,0.3559
Ireland,p90p100,1999,0.3485
Ireland,p90p100,2000,0.3642
Ireland,p90p100,2001,0.3537
Ireland,p90p100,2002,0.355
Ireland,p90p100,2003,0.3623
Ireland,p90p100,2004,0.3602
Ireland,p90p100,2005,0.3704
Ireland,p90p100,2006,0.3744
Ireland,p90p100,2007,0.3594
Ireland,p90p100,2008,0.322
Ireland,p90p100,2009,0.3247
Ireland,p90p100,2010,0.3234
Ireland,p90p100,2011,0.3245
Ireland,p90p100,2012,0.31
Ireland,p90p100,2013,0.3227
Ireland,p90p100,2014,0.3264
Ireland,p90p100,2015,0.3498
Ireland,p90p100,2016,0.3559
Ireland,p90p100,2017,0.3488
Ireland,p90p100,2018,0.354
Ireland,p90p100,2019,0.3516
Ireland,p90p100,2020,0.3518
Ireland,p90p100,2021,0.3518
Ireland,p0p50,1995,0.2091
Ireland,p0p50,1996,0.2227
Ireland,p0p50,1997,0.2163
Ireland,p0p50,1998,0.2099
Ireland,p0p50,1999,0.212
Ireland,p0p50,2000,0.2071
Ireland,p0p50,2001,0.2104
Ireland,p0p50,2002,0.2139
Ireland,p0p50,2003,0.207
Ireland,p0p50,2004,0.1994
Ireland,p0p50,2005,0.203
Ireland,p0p50,2006,0.196
Ireland,p0p50,2007,0.1868
Ireland,p0p50,2008,0.1993
Ireland,p0p50,2009,0.2152
Ireland,p0p50,2010,0.2081
Ireland,p0p50,2011,0.2066
Ireland,p0p50,2012,0.2069
Ireland,p0p50,2013,0.2002
Ireland,p0p50,2014,0.1959
Ireland,p0p50,2015,0.1903
Ireland,p0p50,2016,0.1923
Ireland,p0p50,2017,0.1964
Ireland,p0p50,2018,0.2029
Ireland,p0p50,2019,0.2046
Ireland,p0p50,2020,0.2044
Ireland,p0p50,2021,0.2044
Ireland,p99p100,1995,0.1007
Ireland,p99p100,1996,0.097
Ireland,p99p100,1997,0.1072
Ireland,p99p100,1998,0.1207
Ireland,p99p100,1999,0.1173
Ireland,p99p100,2000,0.1255
Ireland,p99p100,2001,0.1187
Ireland,p99p100,2002,0.1206
Ireland,p99p100,2003,0.124
Ireland,p99p100,2004,0.1232
Ireland,p99p100,2005,0.1325
Ireland,p99p100,2006,0.135
Ireland,p99p100,2007,0.1202
Ireland,p99p100,2008,0.1026
Ireland,p99p100,2009,0.1001
Ireland,p99p100,2010,0.0992
Ireland,p99p100,2011,0.0987
Ireland,p99p100,2012,0.0928
Ireland,p99p100,2013,0.1
Ireland,p99p100,2014,0.1022
Ireland,p99p100,2015,0.1164
Ireland,p99p100,2016,0.1204
Ireland,p99p100,2017,0.1164
Ireland,p99p100,2018,0.1197
Ireland,p99p100,2019,0.1179
Ireland,p99p100,2020,0.118
Ireland,p99p100,2021,0.118
Israel,p90p100,1995,0.4874
Israel,p90p100,1996,0.4889
Israel,p90p100,1997,0.4904
Israel,p90p100,1998,0.4918
Israel,p90p100,1999,0.4932
Israel,p90p100,2000,0.4946
Israel,p90p100,2001,0.496
Israel,p90p100,2002,0.4983
Israel,p90p100,2003,0.5006
Israel,p90p100,2004,0.5029
Israel,p90p100,2005,0.5051
Israel,p90p100,2006,0.5036
Israel,p90p100,2007,0.5021
Israel,p90p100,2008,0.5064
Israel,p90p100,2009,0.5107
Israel,p90p100,2010,0.5149
Israel,p90p100,2011,0.5079
Israel,p90p100,2012,0.5011
Israel,p90p100,2013,0.4921
Israel,p90p100,2014,0.484
Israel,p90p100,2015,0.4809
Israel,p90p100,2016,0.478
Israel,p90p100,2017,0.478
Israel,p90p100,2018,0.478
Israel,p90p100,2019,0.478
Israel,p90p100,2020,0.478
Israel,p90p100,2021,0.478
Israel,p0p50,1995,0.1293
Israel,p0p50,1996,0.1283
Israel,p0p50,1997,0.1273
Israel,p0p50,1998,0.1266
Israel,p0p50,1999,0.1259
Israel,p0p50,2000,0.1252
Israel,p0p50,2001,0.1245
Israel,p0p50,2002,0.1224
Israel,p0p50,2003,0.1203
Israel,p0p50,2004,0.1183
Israel,p0p50,2005,0.1163
Israel,p0p50,2006,0.1157
Israel,p0p50,2007,0.1152
Israel,p0p50,2008,0.1156
Israel,p0p50,2009,0.1161
Israel,p0p50,2010,0.1165
Israel,p0p50,2011,0.1174
Israel,p0p50,2012,0.1182
Israel,p0p50,2013,0.1236
Israel,p0p50,2014,0.1286
Israel,p0p50,2015,0.1302
Israel,p0p50,2016,0.1317
Israel,p0p50,2017,0.1317
Israel,p0p50,2018,0.1317
Israel,p0p50,2019,0.1317
Israel,p0p50,2020,0.1317
Israel,p0p50,2021,0.1317
Israel,p99p100,1995,0.1781
Israel,p99p100,1996,0.1785
Israel,p99p100,1997,0.1789
Israel,p99p100,1998,0.1802
Israel,p99p100,1999,0.1814
Israel,p99p100,2000,0.1826
Israel,p99p100,2001,0.1838
Israel,p99p100,2002,0.1844
Israel,p99p100,2003,0.1851
Israel,p99p100,2004,0.1858
Israel,p99p100,2005,0.1865
Israel,p99p100,2006,0.1864
Israel,p99p100,2007,0.1864
Israel,p99p100,2008,0.1896
Israel,p99p100,2009,0.1927
Israel,p99p100,2010,0.1958
Israel,p99p100,2011,0.1906
Israel,p99p100,2012,0.1856
Israel,p99p100,2013,0.1768
Israel,p99p100,2014,0.1687
Israel,p99p100,2015,0.1645
Israel,p99p100,2016,0.1604
Israel,p99p100,2017,0.1604
Israel,p99p100,2018,0.1604
Israel,p99p100,2019,0.1604
Israel,p99p100,2020,0.1604
Israel,p99p100,2021,0.1604
Italy,p90p100,1995,0.2894
Italy,p90p100,1996,0.2929
Italy,p90p100,1997,0.296
Italy,p90p100,1998,0.3018
Italy,p90p100,1999,0.3013
Italy,p90p100,2000,0.3085
Italy,p90p100,2001,0.3146
Italy,p90p100,2002,0.3098
Italy,p90p100,2003,0.3078
Italy,p90p100,2004,0.3074
Italy,p90p100,2005,0.3068
Italy,p90p100,2006,0.3086
Italy,p90p100,2007,0.3104
Italy,p90p100,2008,0.3072
Italy,p90p100,2009,0.3041
Italy,p90p100,2010,0.3089
Italy,p90p100,2011,0.3129
Italy,p90p100,2012,0.3116
Italy,p90p100,2013,0.3084
Italy,p90p100,2014,0.3087
Italy,p90p100,2015,0.3075
Italy,p90p100,2016,0.3215
Italy,p90p100,2017,0.3289
Italy,p90p100,2018,0.3285
Italy,p90p100,2019,0.3255
Italy,p90p100,2020,0.3221
Italy,p90p100,2021,0.3221
Italy,p0p50,1995,0.2262
Italy,p0p50,1996,0.2231
Italy,p0p50,1997,0.2204
Italy,p0p50,1998,0.2185
Italy,p0p50,1999,0.2181
Italy,p0p50,2000,0.2173
Italy,p0p50,2001,0.2134
Italy,p0p50,2002,0.2172
Italy,p0p50,2003,0.2174
Italy,p0p50,2004,0.217
Italy,p0p50,2005,0.217
Italy,p0p50,2006,0.2168
Italy,p0p50,2007,0.2164
Italy,p0p50,2008,0.2168
Italy,p0p50,2009,0.2182
Italy,p0p50,2010,0.2149
Italy,p0p50,2011,0.2153
Italy,p0p50,2012,0.2124
Italy,p0p50,2013,0.2136
Italy,p0p50,2014,0.212
Italy,p0p50,2015,0.2096
Italy,p0p50,2016,0.2068
Italy,p0p50,2017,0.2052
Italy,p0p50,2018,0.2043
Italy,p0p50,2019,0.2055
Italy,p0p50,2020,0.207
Italy,p0p50,2021,0.207
Italy,p99p100,1995,0.0729
Italy,p99p100,1996,0.0747
Italy,p99p100,1997,0.0759
Italy,p99p100,1998,0.0791
Italy,p99p100,1999,0.0774
Italy,p99p100,2000,0.082
Italy,p99p100,2001,0.0869
Italy,p99p100,2002,0.0833
Italy,p99p100,2003,0.0832
Italy,p99p100,2004,0.0819
Italy,p99p100,2005,0.0815
Italy,p99p100,2006,0.0827
Italy,p99p100,2007,0.0823
Italy,p99p100,2008,0.0788
Italy,p99p100,2009,0.076
Italy,p99p100,2010,0.0803
Italy,p99p100,2011,0.0821
Italy,p99p100,2012,0.0809
Italy,p99p100,2013,0.0791
Italy,p99p100,2014,0.0799
Italy,p99p100,2015,0.078
Italy,p99p100,2016,0.0888
Italy,p99p100,2017,0.0921
Italy,p99p100,2018,0.0913
Italy,p99p100,2019,0.0891
Italy,p99p100,2020,0.0871
Italy,p99p100,2021,0.0871
Japan,p90p100,1995,0.3789
Japan,p90p100,1996,0.388
Japan,p90p100,1997,0.3856
Japan,p90p100,1998,0.3894
Japan,p90p100,1999,0.3964
Japan,p90p100,2000,0.4075
Japan,p90p100,2001,0.4201
Japan,p90p100,2002,0.4301
Japan,p90p100,2003,0.4375
Japan,p90p100,2004,0.4472
Japan,p90p100,2005,0.4493
Japan,p90p100,2006,0.4515
Japan,p90p100,2007,0.4532
Japan,p90p100,2008,0.4448
Japan,p90p100,2009,0.4352
Japan,p90p100,2010,0.4431
Japan,p90p100,2011,0.4414
Japan,p90p100,2012,0.4417
Japan,p90p100,2013,0.4427
Japan,p90p100,2014,0.4424
Japan,p90p100,2015,0.4432
Japan,p90p100,2016,0.4427
Japan,p90p100,2017,0.4424
Japan,p90p100,2018,0.4424
Japan,p90p100,2019,0.4424
Japan,p90p100,2020,0.4424
Japan,p90p100,2021,0.4424
Japan,p0p50,1995,0.184
Japan,p0p50,1996,0.1782
Japan,p0p50,1997,0.1784
Japan,p0p50,1998,0.1774
Japan,p0p50,1999,0.1748
Japan,p0p50,2000,0.1692
Japan,p0p50,2001,0.1646
Japan,p0p50,2002,0.16
Japan,p0p50,2003,0.157
Japan,p0p50,2004,0.1531
Japan,p0p50,2005,0.1532
Japan,p0p50,2006,0.1534
Japan,p0p50,2007,0.1527
Japan,p0p50,2008,0.1569
Japan,p0p50,2009,0.1669
Japan,p0p50,2010,0.1662
Japan,p0p50,2011,0.1685
Japan,p0p50,2012,0.1686
Japan,p0p50,2013,0.1679
Japan,p0p50,2014,0.1681
Japan,p0p50,2015,0.1673
Japan,p0p50,2016,0.1678
Japan,p0p50,2017,0.1682
Japan,p0p50,2018,0.1682
Japan,p0p50,2019,0.1682
Japan,p0p50,2020,0.1682
Japan,p0p50,2021,0.1682
Japan,p99p100,1995,0.1041
Japan,p99p100,1996,0.1107
Japan,p99p100,1997,0.1048
Japan,p99p100,1998,0.1037
Japan,p99p100,1999,0.1063
Japan,p99p100,2000,0.113
Japan,p99p100,2001,0.1155
Japan,p99p100,2002,0.1184
Japan,p99p100,2003,0.1231
Japan,p99p100,2004,0.1311
Japan,p99p100,2005,0.1355
Japan,p99p100,2006,0.1371
Japan,p99p100,2007,0.1374
Japan,p99p100,2008,0.1299
Japan,p99p100,2009,0.1227
Japan,p99p100,2010,0.1283
Japan,p99p100,2011,0.1265
Japan,p99p100,2012,0.1272
Japan,p99p100,2013,0.1289
Japan,p99p100,2014,0.1286
Japan,p99p100,2015,0.1296
Japan,p99p100,2016,0.129
Japan,p99p100,2017,0.1286
Japan,p99p100,2018,0.1286
Japan,p99p100,2019,0.1286
Japan,p99p100,2020,0.1286
Japan,p99p100,2021,0.1286
Korea,p90p100,1995,0.3471
Korea,p90p100,1996,0.3698
Korea,p90p100,1997,0.3778
Korea,p90p100,1998,0.3508
Korea,p90p100,1999,0.3707
Korea,p90p100,2000,0.3823
Korea,p90p100,2001,0.3911
Korea,p90p100,2002,0.4046
Korea,p90p100,2003,0.411
Korea,p90p100,2004,0.4153
Korea,p90p100,2005,0.4013
Korea,p90p100,2006,0.4421
Korea,p90p100,2007,0.4486
Korea,p90p100,2008,0.4542
Korea,p90p100,2009,0.45
Korea,p90p100,2010,0.4577
Korea,p90p100,2011,0.4581
Korea,p90p100,2012,0.4543
Korea,p90p100,2013,0.4524
Korea,p90p100,2014,0.4532
Korea,p90p100,2015,0.4568
Korea,p90p100,2016,0.459
Korea,p90p100,2017,0.4595
Korea,p90p100,2018,0.4591
Korea,p90p100,2019,0.4577
Korea,p90p100,2020,0.4577
Korea,p90p100,2021,0.4577
Korea,p0p50,1995,0.2066
Korea,p0p50,1996,0.1873
Korea,p0p50,1997,0.1837
Korea,p0p50,1998,0.1957
Korea,p0p50,1999,0.1859
Korea,p0p50,2000,0.1825
Korea,p0p50,2001,0.1815
Korea,p0p50,2002,0.1767
Korea,p0p50,2003,0.175
Korea,p0p50,2004,0.175
Korea,p0p50,2005,0.1858
Korea,p0p50,2006,0.1679
Korea,p0p50,2007,0.1633
Korea,p0p50,2008,0.16
Korea,p0p50,2009,0.1622
Korea,p0p50,2010,0.1577
Korea,p0p50,2011,0.158
Korea,p0p50,2012,0.1593
Korea,p0p50,2013,0.1611
Korea,p0p50,2014,0.1625
Korea,p0p50,2015,0.1609
Korea,p0p50,2016,0.1593
Korea,p0p50,2017,0.1587
Korea,p0p50,2018,0.1591
Korea,p0p50,2019,0.1608
Korea,p0p50,2020,0.1608
Korea,p0p50,2021,0.1608
Korea,p99p100,1995,0.0919
Korea,p99p100,1996,0.0915
Korea,p99p100,1997,0.0954
Korea,p99p100,1998,0.0773
Korea,p99p100,1999,0.0915
Korea,p99p100,2000,0.0997
Korea,p99p100,2001,0.104
Korea,p99p100,2002,0.113
Korea,p99p100,2003,0.1142
Korea,p99p100,2004,0.1204
Korea,p99p100,2005,0.1196
Korea,p99p100,2006,0.128
Korea,p99p100,2007,0.1364
Korea,p99p100,2008,0.1388
Korea,p99p100,2009,0.1372
Korea,p99p100,2010,0.1449
Korea,p99p100,2011,0.1467
Korea,p99p100,2012,0.1437
Korea,p99p100,2013,0.1421
Korea,p99p100,2014,0.1426
Korea,p99p100,2015,0.1448
Korea,p99p100,2016,0.1462
Korea,p99p100,2017,0.1469
Korea,p99p100,2018,0.1465
Korea,p99p100,2019,0.1445
Korea,p99p100,2020,0.1445
Korea,p99p100,2021,0.1445
Latvia,p90p100,1995,0.3429
Latvia,p90p100,1996,0.3469
Latvia,p90p100,1997,0.3484
Latvia,p90p100,1998,0.3579
Latvia,p90p100,1999,0.3556
Latvia,p90p100,2000,0.3594
Latvia,p90p100,2001,0.3702
Latvia,p90p100,2002,0.3643
Latvia,p90p100,2003,0.3803
Latvia,p90p100,2004,0.3757
Latvia,p90p100,2005,0.3955
Latvia,p90p100,2006,0.3566
Latvia,p90p100,2007,0.3836
Latvia,p90p100,2008,0.3762
Latvia,p90p100,2009,0.3802
Latvia,p90p100,2010,0.3622
Latvia,p90p100,2011,0.3892
Latvia,p90p100,2012,0.3841
Latvia,p90p100,2013,0.3824
Latvia,p90p100,2014,0.3663
Latvia,p90p100,2015,0.3558
Latvia,p90p100,2016,0.3381
Latvia,p90p100,2017,0.3595
Latvia,p90p100,2018,0.3533
Latvia,p90p100,2019,0.3444
Latvia,p90p100,2020,0.3452
Latvia,p90p100,2021,0.3452
Latvia,p0p50,1995,0.1925
Latvia,p0p50,1996,0.1862
Latvia,p0p50,1997,0.1831
Latvia,p0p50,1998,0.1798
Latvia,p0p50,1999,0.1795
Latvia,p0p50,2000,0.1772
Latvia,p0p50,2001,0.1732
Latvia,p0p50,2002,0.1724
Latvia,p0p50,2003,0.1676
Latvia,p0p50,2004,0.1733
Latvia,p0p50,2005,0.1612
Latvia,p0p50,2006,0.1682
Latvia,p0p50,2007,0.1494
Latvia,p0p50,2008,0.1585
Latvia,p0p50,2009,0.1801
Latvia,p0p50,2010,0.191
Latvia,p0p50,2011,0.1786
Latvia,p0p50,2012,0.1769
Latvia,p0p50,2013,0.1758
Latvia,p0p50,2014,0.1785
Latvia,p0p50,2015,0.1809
Latvia,p0p50,2016,0.1839
Latvia,p0p50,2017,0.1737
Latvia,p0p50,2018,0.1739
Latvia,p0p50,2019,0.1796
Latvia,p0p50,2020,0.1791
Latvia,p0p50,2021,0.1791
Latvia,p99p100,1995,0.0999
Latvia,p99p100,1996,0.1002
Latvia,p99p100,1997,0.0999
Latvia,p99p100,1998,0.1071
Latvia,p99p100,1999,0.0981
Latvia,p99p100,2000,0.106
Latvia,p99p100,2001,0.0941
Latvia,p99p100,2002,0.1058
Latvia,p99p100,2003,0.1111
Latvia,p99p100,2004,0.1102
Latvia,p99p100,2005,0.1161
Latvia,p99p100,2006,0.0969
Latvia,p99p100,2007,0.1072
Latvia,p99p100,2008,0.1067
Latvia,p99p100,2009,0.1148
Latvia,p99p100,2010,0.097
Latvia,p99p100,2011,0.1207
Latvia,p99p100,2012,0.1204
Latvia,p99p100,2013,0.1211
Latvia,p99p100,2014,0.1046
Latvia,p99p100,2015,0.0989
Latvia,p99p100,2016,0.0838
Latvia,p99p100,2017,0.0976
Latvia,p99p100,2018,0.0969
Latvia,p99p100,2019,0.0907
Latvia,p99p100,2020,0.0913
Latvia,p99p100,2021,0.0913
Lithuania,p90p100,1995,0.3398
Lithuania,p90p100,1996,0.3322
Lithuania,p90p100,1997,0.3226
Lithuania,p90p100,1998,0.3169
Lithuania,p90p100,1999,0.3108
Lithuania,p90p100,2000,0.3251
Lithuania,p90p100,2001,0.3259
Lithuania,p90p100,2002,0.3201
Lithuania,p90p100,2003,0.3301
Lithuania,p90p100,2004,0.3522
Lithuania,p90p100,2005,0.357
Lithuania,p90p100,2006,0.3358
Lithuania,p90p100,2007,0.3688
Lithuania,p90p100,2008,0.3725
Lithuania,p90p100,2009,0.3732
Lithuania,p90p100,2010,0.3473
Lithuania,p90p100,2011,0.348
Lithuania,p90p100,2012,0.3731
Lithuania,p90p100,2013,0.3797
Lithuania,p90p100,2014,0.4113
Lithuania,p90p100,2015,0.3719
Lithuania,p90p100,2016,0.3702
Lithuania,p90p100,2017,0.3831
Lithuania,p90p100,2018,0.3713
Lithuania,p90p100,2019,0.3652
Lithuania,p90p100,2020,0.3657
Lithuania,p90p100,2021,0.3657
Lithuania,p0p50,1995,0.1924
Lithuania,p0p50,1996,0.1999
Lithuania,p0p50,1997,0.2101
Lithuania,p0p50,1998,0.2068
Lithuania,p0p50,1999,0.2103
Lithuania,p0p50,2000,0.2006
Lithuania,p0p50,2001,0.1987
Lithuania,p0p50,2002,0.2015
Lithuania,p0p50,2003,0.2049
Lithuania,p0p50,2004,0.1792
Lithuania,p0p50,2005,0.1771
Lithuania,p0p50,2006,0.1873
Lithuania,p0p50,2007,0.1825
Lithuania,p0p50,2008,0.1821
Lithuania,p0p50,2009,0.1844
Lithuania,p0p50,2010,0.1967
Lithuania,p0p50,2011,0.1956
Lithuania,p0p50,2012,0.1859
Lithuania,p0p50,2013,0.1805
Lithuania,p0p50,2014,0.1636
Lithuania,p0p50,2015,0.1738
Lithuania,p0p50,2016,0.1752
Lithuania,p0p50,2017,0.1712
Lithuania,p0p50,2018,0.1787
Lithuania,p0p50,2019,0.1807
Lithuania,p0p50,2020,0.1806
Lithuania,p0p50,2021,0.1806
Lithuania,p99p100,1995,0.0886
Lithuania,p99p100,1996,0.0856
Lithuania,p99p100,1997,0.0837
Lithuania,p99p100,1998,0.0769
Lithuania,p99p100,1999,0.072
Lithuania,p99p100,2000,0.0808
Lithuania,p99p100,2001,0.0821
Lithuania,p99p100,2002,0.077
Lithuania,p99p100,2003,0.0865
Lithuania,p99p100,2004,0.0865
Lithuania,p99p100,2005,0.096
Lithuania,p99p100,2006,0.0861
Lithuania,p99p100,2007,0.1151
Lithuania,p99p100,2008,0.1187
Lithuania,p99p100,2009,0.11
Lithuania,p99p100,2010,0.0924
Lithuania,p99p100,2011,0.0965
Lithuania,p99p100,2012,0.1139
Lithuania,p99p100,2013,0.1187
Lithuania,p99p100,2014,0.1452
Lithuania,p99p100,2015,0.1087
Lithuania,p99p100,2016,0.1082
Lithuania,p99p100,2017,0.1202
Lithuania,p99p100,2018,0.1133
Lithuania,p99p100,2019,0.109
Lithuania,p99p100,2020,0.1095
Lithuania,p99p100,2021,0.1095
Luxembourg,p90p100,1995,0.3676
Luxembourg,p90p100,1996,0.3756
Luxembourg,p90p100,1997,0.3815
Luxembourg,p90p100,1998,0.3907
Luxembourg,p90p100,1999,0.3851
Luxembourg,p90p100,2000,0.3779
Luxembourg,p90p100,2001,0.3824
Luxembourg,p90p100,2002,0.3685
Luxembourg,p90p100,2003,0.3626
Luxembourg,p90p100,2004,0.3962
Luxembourg,p90p100,2005,0.4096
Luxembourg,p90p100,2006,0.3578
Luxembourg,p90p100,2007,0.3981
Luxembourg,p90p100,2008,0.3847
Luxembourg,p90p100,2009,0.3332
Luxembourg,p90p100,2010,0.3668
Luxembourg,p90p100,2011,0.3541
Luxembourg,p90p100,2012,0.3409
Luxembourg,p90p100,2013,0.333
Luxembourg,p90p100,2014,0.328
Luxembourg,p90p100,2015,0.3252
Luxembourg,p90p100,2016,0.3283
Luxembourg,p90p100,2017,0.338
Luxembourg,p90p100,2018,0.333
Luxembourg,p90p100,2019,0.3353
Luxembourg,p90p100,2020,0.3353
Luxembourg,p90p100,2021,0.3353
Luxembourg,p0p50,1995,0.2058
Luxembourg,p0p50,1996,0.2023
Luxembourg,p0p50,1997,0.1969
Luxembourg,p0p50,1998,0.1932
Luxembourg,p0p50,1999,0.1952
Luxembourg,p0p50,2000,0.1979
Luxembourg,p0p50,2001,0.1958
Luxembourg,p0p50,2002,0.2015
Luxembourg,p0p50,2003,0.2082
Luxembourg,p0p50,2004,0.1938
Luxembourg,p0p50,2005,0.1895
Luxembourg,p0p50,2006,0.2079
Luxembourg,p0p50,2007,0.1932
Luxembourg,p0p50,2008,0.1935
Luxembourg,p0p50,2009,0.2159
Luxembourg,p0p50,2010,0.2004
Luxembourg,p0p50,2011,0.1998
Luxembourg,p0p50,2012,0.2049
Luxembourg,p0p50,2013,0.2075
Luxembourg,p0p50,2014,0.2133
Luxembourg,p0p50,2015,0.2108
Luxembourg,p0p50,2016,0.2041
Luxembourg,p0p50,2017,0.2014
Luxembourg,p0p50,2018,0.2029
Luxembourg,p0p50,2019,0.2019
Luxembourg,p0p50,2020,0.2019
Luxembourg,p0p50,2021,0.2019
Luxembourg,p99p100,1995,0.1434
Luxembourg,p99p100,1996,0.1489
Luxembourg,p99p100,1997,0.1525
Luxembourg,p99p100,1998,0.1589
Luxembourg,p99p100,1999,0.1529
Luxembourg,p99p100,2000,0.1453
Luxembourg,p99p100,2001,0.1471
Luxembourg,p99p100,2002,0.1325
Luxembourg,p99p100,2003,0.126
Luxembourg,p99p100,2004,0.1575
Luxembourg,p99p100,2005,0.1692
Luxembourg,p99p100,2006,0.1209
Luxembourg,p99p100,2007,0.163
Luxembourg,p99p100,2008,0.1529
Luxembourg,p99p100,2009,0.103
Luxembourg,p99p100,2010,0.1391
Luxembourg,p99p100,2011,0.1273
Luxembourg,p99p100,2012,0.114
Luxembourg,p99p100,2013,0.1063
Luxembourg,p99p100,2014,0.1001
Luxembourg,p99p100,2015,0.0974
Luxembourg,p99p100,2016,0.1009
Luxembourg,p99p100,2017,0.1068
Luxembourg,p99p100,2018,0.1009
Luxembourg,p99p100,2019,0.1037
Luxembourg,p99p100,2020,0.1037
Luxembourg,p99p100,2021,0.1037
Mexico,p90p100,1995,0.5566
Mexico,p90p100,1996,0.5566
Mexico,p90p100,1997,0.5566
Mexico,p90p100,1998,0.5566
Mexico,p90p100,1999,0.5566
Mexico,p90p100,2000,0.5566
Mexico,p90p100,2001,0.5566
Mexico,p90p100,2002,0.5566
Mexico,p90p100,2003,0.5681
Mexico,p90p100,2004,0.5796
Mexico,p90p100,2005,0.5873
Mexico,p90p100,2006,0.595
Mexico,p90p100,2007,0.6084
Mexico,p90p100,2008,0.6218
Mexico,p90p100,2009,0.6152
Mexico,p90p100,2010,0.6086
Mexico,p90p100,2011,0.6209
Mexico,p90p100,2012,0.6332
Mexico,p90p100,2013,0.63
Mexico,p90p100,2014,0.6268
Mexico,p90p100,2015,0.6205
Mexico,p90p100,2016,0.6142
Mexico,p90p100,2017,0.6126
Mexico,p90p100,2018,0.6109
Mexico,p90p100,2019,0.6109
Mexico,p90p100,2020,0.6109
Mexico,p90p100,2021,0.6109
Mexico,p0p50,1995,0.0838
Mexico,p0p50,1996,0.0838
Mexico,p0p50,1997,0.0838
Mexico,p0p50,1998,0.0838
Mexico,p0p50,1999,0.0838
Mexico,p0p50,2000,0.0838
Mexico,p0p50,2001,0.0838
Mexico,p0p50,2002,0.0838
Mexico,p0p50,2003,0.0845
Mexico,p0p50,2004,0.0853
Mexico,p0p50,2005,0.0838
Mexico,p0p50,2006,0.0823
Mexico,p0p50,2007,0.0797
Mexico,p0p50,2008,0.0771
Mexico,p0p50,2009,0.0768
Mexico,p0p50,2010,0.0765
Mexico,p0p50,2011,0.0748
Mexico,p0p50,2012,0.0731
Mexico,p0p50,2013,0.0736
Mexico,p0p50,2014,0.0741
Mexico,p0p50,2015,0.0784
Mexico,p0p50,2016,0.0828
Mexico,p0p50,2017,0.0834
Mexico,p0p50,2018,0.0841
Mexico,p0p50,2019,0.0841
Mexico,p0p50,2020,0.0841
Mexico,p0p50,2021,0.0841
Mexico,p99p100,1995,0.1829
Mexico,p99p100,1996,0.1829
Mexico,p99p100,1997,0.1829
Mexico,p99p100,1998,0.1829
Mexico,p99p100,1999,0.1829
Mexico,p99p100,2000,0.1829
Mexico,p99p100,2001,0.1829
Mexico,p99p100,2002,0.1829
Mexico,p99p100,2003,0.2022
Mexico,p99p100,2004,0.2215
Mexico,p99p100,2005,0.2106
Mexico,p99p100,2006,0.1997
Mexico,p99p100,2007,0.2396
Mexico,p99p100,2008,0.2796
Mexico,p99p100,2009,0.2679
Mexico,p99p100,2010,0.2561
Mexico,p99p100,2011,0.276
Mexico,p99p100,2012,0.2958
Mexico,p99p100,2013,0.3056
Mexico,p99p100,2014,0.3153
Mexico,p99p100,2015,0.3147
Mexico,p99p100,2016,0.3141
Mexico,p99p100,2017,0.2991
Mexico,p99p100,2018,0.2842
Mexico,p99p100,2019,0.2842
Mexico,p99p100,2020,0.2842
Mexico,p99p100,2021,0.2842
Netherlands,p90p100,1995,0.2753
Netherlands,p90p100,1996,0.275
Netherlands,p90p100,1997,0.2771
Netherlands,p90p100,1998,0.2755
Netherlands,p90p100,1999,0.277
Netherlands,p90p100,2000,0.2767
Netherlands,p90p100,2001,0.288
Netherlands,p90p100,2002,0.2868
Netherlands,p90p100,2003,0.2892
Netherlands,p90p100,2004,0.294
Netherlands,p90p100,2005,0.2972
Netherlands,p90p100,2006,0.2963
Netherlands,p90p100,2007,0.3102
Netherlands,p90p100,2008,0.2855
Netherlands,p90p100,2009,0.2866
Netherlands,p90p100,2010,0.2917
Netherlands,p90p100,2011,0.2894
Netherlands,p90p100,2012,0.2926
Netherlands,p90p100,2013,0.2843
Netherlands,p90p100,2014,0.2928
Netherlands,p90p100,2015,0.2926
Netherlands,p90p100,2016,0.2923
Netherlands,p90p100,2017,0.299
Netherlands,p90p100,2018,0.296
Netherlands,p90p100,2019,0.2941
Netherlands,p90p100,2020,0.2943
Netherlands,p90p100,2021,0.2943
Netherlands,p0p50,1995,0.2444
Netherlands,p0p50,1996,0.2469
Netherlands,p0p50,1997,0.2438
Netherlands,p0p50,1998,0.2456
Netherlands,p0p50,1999,0.2443
Netherlands,p0p50,2000,0.2476
Netherlands,p0p50,2001,0.2393
Netherlands,p0p50,2002,0.2396
Netherlands,p0p50,2003,0.2362
Netherlands,p0p50,2004,0.2366
Netherlands,p0p50,2005,0.2319
Netherlands,p0p50,2006,0.2279
Netherlands,p0p50,2007,0.2224
Netherlands,p0p50,2008,0.2358
Netherlands,p0p50,2009,0.2353
Netherlands,p0p50,2010,0.2305
Netherlands,p0p50,2011,0.2305
Netherlands,p0p50,2012,0.229
Netherlands,p0p50,2013,0.2287
Netherlands,p0p50,2014,0.2246
Netherlands,p0p50,2015,0.2261
Netherlands,p0p50,2016,0.2256
Netherlands,p0p50,2017,0.2211
Netherlands,p0p50,2018,0.2241
Netherlands,p0p50,2019,0.2251
Netherlands,p0p50,2020,0.225
Netherlands,p0p50,2021,0.225
Netherlands,p99p100,1995,0.059
Netherlands,p99p100,1996,0.0593
Netherlands,p99p100,1997,0.0607
Netherlands,p99p100,1998,0.0594
Netherlands,p99p100,1999,0.0603
Netherlands,p99p100,2000,0.0622
Netherlands,p99p100,2001,0.0695
Netherlands,p99p100,2002,0.0682
Netherlands,p99p100,2003,0.0677
Netherlands,p99p100,2004,0.0701
Netherlands,p99p100,2005,0.0718
Netherlands,p99p100,2006,0.0709
Netherlands,p99p100,2007,0.0787
Netherlands,p99p100,2008,0.0676
Netherlands,p99p100,2009,0.0656
Netherlands,p99p100,2010,0.0673
Netherlands,p99p100,2011,0.0659
Netherlands,p99p100,2012,0.0657
Netherlands,p99p100,2013,0.0636
Netherlands,p99p100,2014,0.0687
Netherlands,p99p100,2015,0.0688
Netherlands,p99p100,2016,0.069
Netherlands,p99p100,2017,0.0706
Netherlands,p99p100,2018,0.0699
Netherlands,p99p100,2019,0.0691
Netherlands,p99p100,2020,0.0692
Netherlands,p99p100,2021,0.0692
New Zealand,p90p100,1995,0.3383
New Zealand,p90p100,1996,0.326
New Zealand,p90p100,1997,0.3373
New Zealand,p90p100,1998,0.3548
New Zealand,p90p100,1999,0.359
New Zealand,p90p100,2000,0.3297
New Zealand,p90p100,2001,0.3401
New Zealand,p90p100,2002,0.3399
New Zealand,p90p100,2003,0.3433
New Zealand,p90p100,2004,0.344
New Zealand,p90p100,2005,0.3278
New Zealand,p90p100,2006,0.3029
New Zealand,p90p100,2007,0.301
New Zealand,p90p100,2008,0.2963
New Zealand,p90p100,2009,0.3151
New Zealand,p90p100,2010,0.3117
New Zealand,p90p100,2011,0.326
New Zealand,p90p100,2012,0.343
New Zealand,p90p100,2013,0.3324
New Zealand,p90p100,2014,0.3338
New Zealand,p90p100,2015,0.3383
New Zealand,p90p100,2016,0.337
New Zealand,p90p100,2017,0.3445
New Zealand,p90p100,2018,0.3465
New Zealand,p90p100,2019,0.3457
New Zealand,p90p100,2020,0.3457
New Zealand,p90p100,2021,0.3457
New Zealand,p0p50,1995,0.1508
New Zealand,p0p50,1996,0.1554
New Zealand,p0p50,1997,0.1515
New Zealand,p0p50,1998,0.1443
New Zealand,p0p50,1999,0.1774
New Zealand,p0p50,2000,0.1955
New Zealand,p0p50,2001,0.1911
New Zealand,p0p50,2002,0.1908
New Zealand,p0p50,2003,0.1896
New Zealand,p0p50,2004,0.1902
New Zealand,p0p50,2005,0.2013
New Zealand,p0p50,2006,0.255
New Zealand,p0p50,2007,0.2241
New Zealand,p0p50,2008,0.2614
New Zealand,p0p50,2009,0.2046
New Zealand,p0p50,2010,0.2049
New Zealand,p0p50,2011,0.1997
New Zealand,p0p50,2012,0.1885
New Zealand,p0p50,2013,0.1958
New Zealand,p0p50,2014,0.1952
New Zealand,p0p50,2015,0.1945
New Zealand,p0p50,2016,0.1993
New Zealand,p0p50,2017,0.196
New Zealand,p0p50,2018,0.1955
New Zealand,p0p50,2019,0.1957
New Zealand,p0p50,2020,0.1957
New Zealand,p0p50,2021,0.1957
New Zealand,p99p100,1995,0.1032
New Zealand,p99p100,1996,0.098
New Zealand,p99p100,1997,0.1052
New Zealand,p99p100,1998,0.1168
New Zealand,p99p100,1999,0.1316
New Zealand,p99p100,2000,0.0969
New Zealand,p99p100,2001,0.1042
New Zealand,p99p100,2002,0.1048
New Zealand,p99p100,2003,0.1122
New Zealand,p99p100,2004,0.1172
New Zealand,p99p100,2005,0.1027
New Zealand,p99p100,2006,0.0912
New Zealand,p99p100,2007,0.0913
New Zealand,p99p100,2008,0.0906
New Zealand,p99p100,2009,0.0994
New Zealand,p99p100,2010,0.0951
New Zealand,p99p100,2011,0.1026
New Zealand,p99p100,2012,0.1137
New Zealand,p99p100,2013,0.1019
New Zealand,p99p100,2014,0.1039
New Zealand,p99p100,2015,0.1096
New Zealand,p99p100,2016,0.1117
New Zealand,p99p100,2017,0.1177
New Zealand,p99p100,2018,0.1194
New Zealand,p99p100,2019,0.1187
New Zealand,p99p100,2020,0.1187
New Zealand,p99p100,2021,0.1187
Norway,p90p100,1995,0.275
Norway,p90p100,1996,0.2918
Norway,p90p100,1997,0.3062
Norway,p90p100,1998,0.2828
Norway,p90p100,1999,0.2931
Norway,p90p100,2000,0.3253
Norway,p90p100,2001,0.3007
Norway,p90p100,2002,0.3051
Norway,p90p100,2003,0.3123
Norway,p90p100,2004,0.3194
Norway,p90p100,2005,0.3265
Norway,p90p100,2006,0.3336
Norway,p90p100,2007,0.3362
Norway,p90p100,2008,0.3412
Norway,p90p100,2009,0.3092
Norway,p90p100,2010,0.3252
Norway,p90p100,2011,0.3276
Norway,p90p100,2012,0.3297
Norway,p90p100,2013,0.324
Norway,p90p100,2014,0.322
Norway,p90p100,2015,0.3064
Norway,p90p100,2016,0.3052
Norway,p90p100,2017,0.3083
Norway,p90p100,2018,0.3189
Norway,p90p100,2019,0.3011
Norway,p90p100,2020,0.2959
Norway,p90p100,2021,0.2959
Norway,p0p50,1995,0.2621
Norway,p0p50,1996,0.2552
Norway,p0p50,1997,0.2464
Norway,p0p50,1998,0.2583
Norway,p0p50,1999,0.2541
Norway,p0p50,2000,0.2412
Norway,p0p50,2001,0.2538
Norway,p0p50,2002,0.2532
Norway,p0p50,2003,0.249
Norway,p0p50,2004,0.2449
Norway,p0p50,2005,0.2408
Norway,p0p50,2006,0.2366
Norway,p0p50,2007,0.2367
Norway,p0p50,2008,0.2378
Norway,p0p50,2009,0.2501
Norway,p0p50,2010,0.2417
Norway,p0p50,2011,0.2391
Norway,p0p50,2012,0.2369
Norway,p0p50,2013,0.2392
Norway,p0p50,2014,0.2387
Norway,p0p50,2015,0.2458
Norway,p0p50,2016,0.245
Norway,p0p50,2017,0.2429
Norway,p0p50,2018,0.2385
Norway,p0p50,2019,0.2462
Norway,p0p50,2020,0.2484
Norway,p0p50,2021,0.2484
Norway,p99p100,1995,0.0848
Norway,p99p100,1996,0.0974
Norway,p99p100,1997,0.1056
Norway,p99p100,1998,0.0888
Norway,p99p100,1999,0.0983
Norway,p99p100,2000,0.1258
Norway,p99p100,2001,0.1062
Norway,p99p100,2002,0.114
Norway,p99p100,2003,0.1183
Norway,p99p100,2004,0.1226
Norway,p99p100,2005,0.1269
Norway,p99p100,2006,0.1312
Norway,p99p100,2007,0.1308
Norway,p99p100,2008,0.1379
Norway,p99p100,2009,0.1095
Norway,p99p100,2010,0.1223
Norway,p99p100,2011,0.1224
Norway,p99p100,2012,0.1241
Norway,p99p100,2013,0.1186
Norway,p99p100,2014,0.1151
Norway,p99p100,2015,0.0981
Norway,p99p100,2016,0.0961
Norway,p99p100,2017,0.1
Norway,p99p100,2018,0.1087
Norway,p99p100,2019,0.0933
Norway,p99p100,2020,0.0888
Norway,p99p100,2021,0.0888
Poland,p90p100,1995,0.3108
Poland,p90p100,1996,0.3086
Poland,p90p100,1997,0.3083
Poland,p90p100,1998,0.3228
Poland,p90p100,1999,0.3194
Poland,p90p100,2000,0.3329
Poland,p90p100,2001,0.333
Poland,p90p100,2002,0.3424
Poland,p90p100,2003,0.352
Poland,p90p100,2004,0.3631
Poland,p90p100,2005,0.3622
Poland,p90p100,2006,0.3705
Poland,p90p100,2007,0.3719
Poland,p90p100,2008,0.3783
Poland,p90p100,2009,0.3644
Poland,p90p100,2010,0.3662
Poland,p90p100,2011,0.3698
Poland,p90p100,2012,0.3674
Poland,p90p100,2013,0.3658
Poland,p90p100,2014,0.3726
Poland,p90p100,2015,0.3778
Poland,p90p100,2016,0.3743
Poland,p90p100,2017,0.371
Poland,p90p100,2018,0.3746
Poland,p90p100,2019,0.3764
Poland,p90p100,2020,0.3775
Poland,p90p100,2021,0.3775
Poland,p0p50,1995,0.2322
Poland,p0p50,1996,0.2294
Poland,p0p50,1997,0.2309
Poland,p0p50,1998,0.2246
Poland,p0p50,1999,0.2273
Poland,p0p50,2000,0.2188
Poland,p0p50,2001,0.2162
Poland,p0p50,2002,0.2106
Poland,p0p50,2003,0.2032
Poland,p0p50,2004,0.2012
Poland,p0p50,2005,0.1951
Poland,p0p50,2006,0.1977
Poland,p0p50,2007,0.199
Poland,p0p50,2008,0.1955
Poland,p0p50,2009,0.1989
Poland,p0p50,2010,0.2002
Poland,p0p50,2011,0.1989
Poland,p0p50,2012,0.2018
Poland,p0p50,2013,0.2019
Poland,p0p50,2014,0.2004
Poland,p0p50,2015,0.1984
Poland,p0p50,2016,0.1978
Poland,p0p50,2017,0.2003
Poland,p0p50,2018,0.196
Poland,p0p50,2019,0.1952
Poland,p0p50,2020,0.1947
Poland,p0p50,2021,0.1947
Poland,p99p100,1995,0.1106
Poland,p99p100,1996,0.09
Poland,p99p100,1997,0.0977
Poland,p99p100,1998,0.1092
Poland,p99p100,1999,0.1071
Poland,p99p100,2000,0.1042
Poland,p99p100,2001,0.0996
Poland,p99p100,2002,0.104
Poland,p99p100,2003,0.1021
Poland,p99p100,2004,0.1292
Poland,p99p100,2005,0.1352
Poland,p99p100,2006,0.1424
Poland,p99p100,2007,0.1576
Poland,p99p100,2008,0.1493
Poland,p99p100,2009,0.1363
Poland,p99p100,2010,0.1342
Poland,p99p100,2011,0.1394
Poland,p99p100,2012,0.1386
Poland,p99p100,2013,0.1362
Poland,p99p100,2014,0.1426
Poland,p99p100,2015,0.1491
Poland,p99p100,2016,0.1472
Poland,p99p100,2017,0.1452
Poland,p99p100,2018,0.1465
Poland,p99p100,2019,0.1479
Poland,p99p100,2020,0.1487
Poland,p99p100,2021,0.1487
Portugal,p90p100,1995,0.367
Portugal,p90p100,1996,0.3625
Portugal,p90p100,1997,0.3703
Portugal,p90p100,1998,0.3691
Portugal,p90p100,1999,0.377
Portugal,p90p100,2000,0.3747
Portugal,p90p100,2001,0.3937
Portugal,p90p100,2002,0.3811
Portugal,p90p100,2003,0.3731
Portugal,p90p100,2004,0.3941
Portugal,p90p100,2005,0.3878
Portugal,p90p100,2006,0.3962
Portugal,p90p100,2007,0.3953
Portugal,p90p100,2008,0.3806
Portugal,p90p100,2009,0.3747
Portugal,p90p100,2010,0.3794
Portugal,p90p100,2011,0.3827
Portugal,p90p100,2012,0.3667
Portugal,p90p100,2013,0.3725
Portugal,p90p100,2014,0.3731
Portugal,p90p100,2015,0.3716
Portugal,p90p100,2016,0.373
Portugal,p90p100,2017,0.3764
Portugal,p90p100,2018,0.3674
Portugal,p90p100,2019,0.3651
Portugal,p90p100,2020,0.3521
Portugal,p90p100,2021,0.3521
Portugal,p0p50,1995,0.1837
Portugal,p0p50,1996,0.187
Portugal,p0p50,1997,0.1863
Portugal,p0p50,1998,0.1893
Portugal,p0p50,1999,0.1889
Portugal,p0p50,2000,0.1852
Portugal,p0p50,2001,0.1751
Portugal,p0p50,2002,0.179
Portugal,p0p50,2003,0.183
Portugal,p0p50,2004,0.1749
Portugal,p0p50,2005,0.179
Portugal,p0p50,2006,0.1725
Portugal,p0p50,2007,0.1751
Portugal,p0p50,2008,0.1845
Portugal,p0p50,2009,0.1881
Portugal,p0p50,2010,0.1864
Portugal,p0p50,2011,0.1846
Portugal,p0p50,2012,0.1909
Portugal,p0p50,2013,0.1833
Portugal,p0p50,2014,0.185
Portugal,p0p50,2015,0.1862
Portugal,p0p50,2016,0.1878
Portugal,p0p50,2017,0.1894
Portugal,p0p50,2018,0.1946
Portugal,p0p50,2019,0.1955
Portugal,p0p50,2020,0.2004
Portugal,p0p50,2021,0.2004
Portugal,p99p100,1995,0.0986
Portugal,p99p100,1996,0.0968
Portugal,p99p100,1997,0.1014
Portugal,p99p100,1998,0.1027
Portugal,p99p100,1999,0.1078
Portugal,p99p100,2000,0.1047
Portugal,p99p100,2001,0.1117
Portugal,p99p100,2002,0.1032
Portugal,p99p100,2003,0.1026
Portugal,p99p100,2004,0.1088
Portugal,p99p100,2005,0.1041
Portugal,p99p100,2006,0.1052
Portugal,p99p100,2007,0.111
Portugal,p99p100,2008,0.0973
Portugal,p99p100,2009,0.0967
Portugal,p99p100,2010,0.1004
Portugal,p99p100,2011,0.1116
Portugal,p99p100,2012,0.1014
Portugal,p99p100,2013,0.1054
Portugal,p99p100,2014,0.1072
Portugal,p99p100,2015,0.1086
Portugal,p99p100,2016,0.1093
Portugal,p99p100,2017,0.1165
Portugal,p99p100,2018,0.1114
Portugal,p99p100,2019,0.1089
Portugal,p99p100,2020,0.0959
Portugal,p99p100,2021,0.0959
Slovakia,p90p100,1995,0.2478
Slovakia,p90p100,1996,0.2537
Slovakia,p90p100,1997,0.2598
Slovakia,p90p100,1998,0.2726
Slovakia,p90p100,1999,0.2731
Slovakia,p90p100,2000,0.2739
Slovakia,p90p100,2001,0.293
Slovakia,p90p100,2002,0.309
Slovakia,p90p100,2003,0.2834
Slovakia,p90p100,2004,0.3071
Slovakia,p90p100,2005,0.3043
Slovakia,p90p100,2006,0.3088
Slovakia,p90p100,2007,0.3061
Slovakia,p90p100,2008,0.298
Slovakia,p90p100,2009,0.2956
Slovakia,p90p100,2010,0.3177
Slovakia,p90p100,2011,0.3024
Slovakia,p90p100,2012,0.2956
Slovakia,p90p100,2013,0.3252
Slovakia,p90p100,2014,0.2994
Slovakia,p90p100,2015,0.3152
Slovakia,p90p100,2016,0.2929
Slovakia,p90p100,2017,0.2726
Slovakia,p90p100,2018,0.274
Slovakia,p90p100,2019,0.269
Slovakia,p90p100,2020,0.265
Slovakia,p90p100,2021,0.265
Slovakia,p0p50,1995,0.2631
Slovakia,p0p50,1996,0.259
Slovakia,p0p50,1997,0.256
Slovakia,p0p50,1998,0.25
Slovakia,p0p50,1999,0.2473
Slovakia,p0p50,2000,0.2465
Slovakia,p0p50,2001,0.2366
Slovakia,p0p50,2002,0.2321
Slovakia,p0p50,2003,0.2393
Slovakia,p0p50,2004,0.2254
Slovakia,p0p50,2005,0.2291
Slovakia,p0p50,2006,0.2276
Slovakia,p0p50,2007,0.229
Slovakia,p0p50,2008,0.2341
Slovakia,p0p50,2009,0.2411
Slovakia,p0p50,2010,0.2323
Slovakia,p0p50,2011,0.2357
Slovakia,p0p50,2012,0.2404
Slovakia,p0p50,2013,0.2334
Slovakia,p0p50,2014,0.2473
Slovakia,p0p50,2015,0.2399
Slovakia,p0p50,2016,0.2459
Slovakia,p0p50,2017,0.2506
Slovakia,p0p50,2018,0.2423
Slovakia,p0p50,2019,0.2442
Slovakia,p0p50,2020,0.2456
Slovakia,p0p50,2021,0.2456
Slovakia,p99p100,1995,0.0574
Slovakia,p99p100,1996,0.0613
Slovakia,p99p100,1997,0.0649
Slovakia,p99p100,1998,0.0579
Slovakia,p99p100,1999,0.0754
Slovakia,p99p100,2000,0.0739
Slovakia,p99p100,2001,0.087
Slovakia,p99p100,2002,0.1006
Slovakia,p99p100,2003,0.0805
Slovakia,p99p100,2004,0.0981
Slovakia,p99p100,2005,0.0942
Slovakia,p99p100,2006,0.0961
Slovakia,p99p100,2007,0.093
Slovakia,p99p100,2008,0.0867
Slovakia,p99p100,2009,0.0924
Slovakia,p99p100,2010,0.1099
Slovakia,p99p100,2011,0.0957
Slovakia,p99p100,2012,0.0941
Slovakia,p99p100,2013,0.1159
Slovakia,p99p100,2014,0.1019
Slovakia,p99p100,2015,0.1112
Slovakia,p99p100,2016,0.0909
Slovakia,p99p100,2017,0.0838
Slovakia,p99p100,2018,0.0785
Slovakia,p99p100,2019,0.074
Slovakia,p99p100,2020,0.0704
Slovakia,p99p100,2021,0.0704
Slovenia,p90p100,1995,0.282
Slovenia,p90p100,1996,0.2896
Slovenia,p90p100,1997,0.2888
Slovenia,p90p100,1998,0.2896
Slovenia,p90p100,1999,0.3006
Slovenia,p90p100,2000,0.29
Slovenia,p90p100,2001,0.2869
Slovenia,p90p100,2002,0.2927
Slovenia,p90p100,2003,0.3012
Slovenia,p90p100,2004,0.3018
Slovenia,p90p100,2005,0.3027
Slovenia,p90p100,2006,0.3031
Slovenia,p90p100,2007,0.3037
Slovenia,p90p100,2008,0.3041
Slovenia,p90p100,2009,0.2978
Slovenia,p90p100,2010,0.2986
Slovenia,p90p100,2011,0.2926
Slovenia,p90p100,2012,0.2947
Slovenia,p90p100,2013,0.293
Slovenia,p90p100,2014,0.2996
Slovenia,p90p100,2015,0.2902
Slovenia,p90p100,2016,0.2939
Slovenia,p90p100,2017,0.2946
Slovenia,p90p100,2018,0.2958
Slovenia,p90p100,2019,0.2952
Slovenia,p90p100,2020,0.2958
Slovenia,p90p100,2021,0.2958
Slovenia,p0p50,1995,0.2427
Slovenia,p0p50,1996,0.2366
Slovenia,p0p50,1997,0.2352
Slovenia,p0p50,1998,0.2333
Slovenia,p0p50,1999,0.2299
Slovenia,p0p50,2000,0.2338
Slovenia,p0p50,2001,0.2327
Slovenia,p0p50,2002,0.2312
Slovenia,p0p50,2003,0.2265
Slovenia,p0p50,2004,0.2267
Slovenia,p0p50,2005,0.2232
Slovenia,p0p50,2006,0.2219
Slovenia,p0p50,2007,0.224
Slovenia,p0p50,2008,0.2247
Slovenia,p0p50,2009,0.2272
Slovenia,p0p50,2010,0.2255
Slovenia,p0p50,2011,0.2291
Slovenia,p0p50,2012,0.2236
Slovenia,p0p50,2013,0.224
Slovenia,p0p50,2014,0.2223
Slovenia,p0p50,2015,0.2255
Slovenia,p0p50,2016,0.2249
Slovenia,p0p50,2017,0.2286
Slovenia,p0p50,2018,0.2308
Slovenia,p0p50,2019,0.2308
Slovenia,p0p50,2020,0.2307
Slovenia,p0p50,2021,0.2307
Slovenia,p99p100,1995,0.0646
Slovenia,p99p100,1996,0.0662
Slovenia,p99p100,1997,0.0697
Slovenia,p99p100,1998,0.0722
Slovenia,p99p100,1999,0.0775
Slovenia,p99p100,2000,0.0726
Slovenia,p99p100,2001,0.0689
Slovenia,p99p100,2002,0.07
Slovenia,p99p100,2003,0.075
Slovenia,p99p100,2004,0.0761
Slovenia,p99p100,2005,0.0746
Slovenia,p99p100,2006,0.0779
Slovenia,p99p100,2007,0.0816
Slovenia,p99p100,2008,0.0808
Slovenia,p99p100,2009,0.0713
Slovenia,p99p100,2010,0.0718
Slovenia,p99p100,2011,0.0702
Slovenia,p99p100,2012,0.0693
Slovenia,p99p100,2013,0.0706
Slovenia,p99p100,2014,0.0781
Slovenia,p99p100,2015,0.0711
Slovenia,p99p100,2016,0.0738
Slovenia,p99p100,2017,0.0795
Slovenia,p99p100,2018,0.0803
Slovenia,p99p100,2019,0.0796
Slovenia,p99p100,2020,0.0802
Slovenia,p99p100,2021,0.0802
Spain,p90p100,1995,0.3547
Spain,p90p100,1996,0.3539
Spain,p90p100,1997,0.3441
Spain,p90p100,1998,0.342
Spain,p90p100,1999,0.3462
Spain,p90p100,2000,0.3423
Spain,p90p100,2001,0.3369
Spain,p90p100,2002,0.3393
Spain,p90p100,2003,0.3428
Spain,p90p100,2004,0.3402
Spain,p90p100,2005,0.3378
Spain,p90p100,2006,0.347
Spain,p90p100,2007,0.3464
Spain,p90p100,2008,0.3476
Spain,p90p100,2009,0.3588
Spain,p90p100,2010,0.3434
Spain,p90p100,2011,0.3406
Spain,p90p100,2012,0.3464
Spain,p90p100,2013,0.3469
Spain,p90p100,2014,0.3488
Spain,p90p100,2015,0.3507
Spain,p90p100,2016,0.3489
Spain,p90p100,2017,0.3496
Spain,p90p100,2018,0.346
Spain,p90p100,2019,0.348
Spain,p90p100,2020,0.3448
Spain,p90p100,2021,0.3448
Spain,p0p50,1995,0.195
Spain,p0p50,1996,0.1934
Spain,p0p50,1997,0.1992
Spain,p0p50,1998,0.2006
Spain,p0p50,1999,0.1998
Spain,p0p50,2000,0.2018
Spain,p0p50,2001,0.2031
Spain,p0p50,2002,0.2046
Spain,p0p50,2003,0.2023
Spain,p0p50,2004,0.2045
Spain,p0p50,2005,0.207
Spain,p0p50,2006,0.205
Spain,p0p50,2007,0.2035
Spain,p0p50,2008,0.2047
Spain,p0p50,2009,0.1995
Spain,p0p50,2010,0.2062
Spain,p0p50,2011,0.2065
Spain,p0p50,2012,0.2086
Spain,p0p50,2013,0.2062
Spain,p0p50,2014,0.2054
Spain,p0p50,2015,0.2046
Spain,p0p50,2016,0.2031
Spain,p0p50,2017,0.2068
Spain,p0p50,2018,0.2108
Spain,p0p50,2019,0.2099
Spain,p0p50,2020,0.2112
Spain,p0p50,2021,0.2112
Spain,p99p100,1995,0.1166
Spain,p99p100,1996,0.1153
Spain,p99p100,1997,0.1102
Spain,p99p100,1998,0.1092
Spain,p99p100,1999,0.1118
Spain,p99p100,2000,0.11
Spain,p99p100,2001,0.1058
Spain,p99p100,2002,0.1088
Spain,p99p100,2003,0.1112
Spain,p99p100,2004,0.1098
Spain,p99p100,2005,0.1085
Spain,p99p100,2006,0.1132
Spain,p99p100,2007,0.1134
Spain,p99p100,2008,0.1161
Spain,p99p100,2009,0.1263
Spain,p99p100,2010,0.1154
Spain,p99p100,2011,0.1135
Spain,p99p100,2012,0.1214
Spain,p99p100,2013,0.1204
Spain,p99p100,2014,0.1215
Spain,p99p100,2015,0.1242
Spain,p99p100,2016,0.125
Spain,p99p100,2017,0.1261
Spain,p99p100,2018,0.125
Spain,p99p100,2019,0.1266
Spain,p99p100,2020,0.1238
Spain,p99p100,2021,0.1238
Sweden,p90p100,1995,0.313
Sweden,p90p100,1996,0.305
Sweden,p90p100,1997,0.3156
Sweden,p90p100,1998,0.3162
Sweden,p90p100,1999,0.3183
Sweden,p90p100,2000,0.3092
Sweden,p90p100,2001,0.2965
Sweden,p90p100,2002,0.2996
Sweden,p90p100,2003,0.3109
Sweden,p90p100,2004,0.316
Sweden,p90p100,2005,0.3246
Sweden,p90p100,2006,0.3355
Sweden,p90p100,2007,0.3286
Sweden,p90p100,2008,0.3179
Sweden,p90p100,2009,0.3028
Sweden,p90p100,2010,0.3144
Sweden,p90p100,2011,0.3092
Sweden,p90p100,2012,0.298
Sweden,p90p100,2013,0.2989
Sweden,p90p100,2014,0.3014
Sweden,p90p100,2015,0.3096
Sweden,p90p100,2016,0.2924
Sweden,p90p100,2017,0.3014
Sweden,p90p100,2018,0.2945
Sweden,p90p100,2019,0.2961
Sweden,p90p100,2020,0.3078
Sweden,p90p100,2021,0.3078
Sweden,p0p50,1995,0.247
Sweden,p0p50,1996,0.25
Sweden,p0p50,1997,0.2444
Sweden,p0p50,1998,0.2437
Sweden,p0p50,1999,0.2408
Sweden,p0p50,2000,0.253
Sweden,p0p50,2001,0.2565
Sweden,p0p50,2002,0.2558
Sweden,p0p50,2003,0.2508
Sweden,p0p50,2004,0.2496
Sweden,p0p50,2005,0.2427
Sweden,p0p50,2006,0.2392
Sweden,p0p50,2007,0.2362
Sweden,p0p50,2008,0.238
Sweden,p0p50,2009,0.2386
Sweden,p0p50,2010,0.2286
Sweden,p0p50,2011,0.2323
Sweden,p0p50,2012,0.2463
Sweden,p0p50,2013,0.245
Sweden,p0p50,2014,0.2404
Sweden,p0p50,2015,0.2358
Sweden,p0p50,2016,0.2434
Sweden,p0p50,2017,0.2413
Sweden,p0p50,2018,0.2432
Sweden,p0p50,2019,0.2426
Sweden,p0p50,2020,0.2378
Sweden,p0p50,2021,0.2378
Sweden,p99p100,1995,0.1154
Sweden,p99p100,1996,0.105
Sweden,p99p100,1997,0.1137
Sweden,p99p100,1998,0.1151
Sweden,p99p100,1999,0.1167
Sweden,p99p100,2000,0.1009
Sweden,p99p100,2001,0.0877
Sweden,p99p100,2002,0.0914
Sweden,p99p100,2003,0.1047
Sweden,p99p100,2004,0.111
Sweden,p99p100,2005,0.1162
Sweden,p99p100,2006,0.1274
Sweden,p99p100,2007,0.1224
Sweden,p99p100,2008,0.1121
Sweden,p99p100,2009,0.0968
Sweden,p99p100,2010,0.1094
Sweden,p99p100,2011,0.1038
Sweden,p99p100,2012,0.0976
Sweden,p99p100,2013,0.0977
Sweden,p99p100,2014,0.0989
Sweden,p99p100,2015,0.1039
Sweden,p99p100,2016,0.0908
Sweden,p99p100,2017,0.0984
Sweden,p99p100,2018,0.094
Sweden,p99p100,2019,0.0954
Sweden,p99p100,2020,0.1054
Sweden,p99p100,2021,0.1054
Switzerland,p90p100,1995,0.2977
Switzerland,p90p100,1996,0.3133
Switzerland,p90p100,1997,0.3188
Switzerland,p90p100,1998,0.3229
Switzerland,p90p100,1999,0.3166
Switzerland,p90p100,2000,0.3227
Switzerland,p90p100,2001,0.3138
Switzerland,p90p100,2002,0.3043
Switzerland,p90p100,2003,0.3226
Switzerland,p90p100,2004,0.329
Switzerland,p90p100,2005,0.3414
Switzerland,p90p100,2006,0.3486
Switzerland,p90p100,2007,0.3352
Switzerland,p90p100,2008,0.3118
Switzerland,p90p100,2009,0.3168
Switzerland,p90p100,2010,0.3364
Switzerland,p90p100,2011,0.3389
Switzerland,p90p100,2012,0.3288
Switzerland,p90p100,2013,0.33
Switzerland,p90p100,2014,0.3282
Switzerland,p90p100,2015,0.3297
Switzerland,p90p100,2016,0.328
Switzerland,p90p100,2017,0.3195
Switzerland,p90p100,2018,0.3189
Switzerland,p90p100,2019,0.3256
Switzerland,p90p100,2020,0.3249
Switzerland,p90p100,2021,0.3249
Switzerland,p0p50,1995,0.2429
Switzerland,p0p50,1996,0.2348
Switzerland,p0p50,1997,0.2334
Switzerland,p0p50,1998,0.2307
Switzerland,p0p50,1999,0.231
Switzerland,p0p50,2000,0.2293
Switzerland,p0p50,2001,0.2318
Switzerland,p0p50,2002,0.2338
Switzerland,p0p50,2003,0.2263
Switzerland,p0p50,2004,0.2239
Switzerland,p0p50,2005,0.2197
Switzerland,p0p50,2006,0.2185
Switzerland,p0p50,2007,0.2226
Switzerland,p0p50,2008,0.231
Switzerland,p0p50,2009,0.2296
Switzerland,p0p50,2010,0.2214
Switzerland,p0p50,2011,0.2222
Switzerland,p0p50,2012,0.2254
Switzerland,p0p50,2013,0.2239
Switzerland,p0p50,2014,0.2242
Switzerland,p0p50,2015,0.2238
Switzerland,p0p50,2016,0.2224
Switzerland,p0p50,2017,0.2267
Switzerland,p0p50,2018,0.2287
Switzerland,p0p50,2019,0.226
Switzerland,p0p50,2020,0.2263
Switzerland,p0p50,2021,0.2263
Switzerland,p99p100,1995,0.0982
Switzerland,p99p100,1996,0.1089
Switzerland,p99p100,1997,0.1136
Switzerland,p99p100,1998,0.1154
Switzerland,p99p100,1999,0.1096
Switzerland,p99p100,2000,0.1132
Switzerland,p99p100,2001,0.1054
Switzerland,p99p100,2002,0.095
Switzerland,p99p100,2003,0.1133
Switzerland,p99p100,2004,0.1181
Switzerland,p99p100,2005,0.1276
Switzerland,p99p100,2006,0.1325
Switzerland,p99p100,2007,0.1178
Switzerland,p99p100,2008,0.1007
Switzerland,p99p100,2009,0.1054
Switzerland,p99p100,2010,0.1213
Switzerland,p99p100,2011,0.1235
Switzerland,p99p100,2012,0.1133
Switzerland,p99p100,2013,0.1123
Switzerland,p99p100,2014,0.1126
Switzerland,p99p100,2015,0.1171
Switzerland,p99p100,2016,0.1155
Switzerland,p99p100,2017,0.1076
Switzerland,p99p100,2018,0.1102
Switzerland,p99p100,2019,0.1152
Switzerland,p99p100,2020,0.1146
Switzerland,p99p100,2021,0.1146
Turkey,p90p100,1995,0.5478
Turkey,p90p100,1996,0.5484
Turkey,p90p100,1997,0.549
Turkey,p90p100,1998,0.5496
Turkey,p90p100,1999,0.5502
Turkey,p90p100,2000,0.5508
Turkey,p90p100,2001,0.5514
Turkey,p90p100,2002,0.5519
Turkey,p90p100,2003,0.5457
Turkey,p90p100,2004,0.5271
Turkey,p90p100,2005,0.502
Turkey,p90p100,2006,0.4922
Turkey,p90p100,2007,0.4838
Turkey,p90p100,2008,0.4956
Turkey,p90p100,2009,0.5127
Turkey,p90p100,2010,0.5077
Turkey,p90p100,2011,0.5101
Turkey,p90p100,2012,0.5105
Turkey,p90p100,2013,0.5051
Turkey,p90p100,2014,0.5137
Turkey,p90p100,2015,0.5208
Turkey,p90p100,2016,0.5239
Turkey,p90p100,2017,0.5317
Turkey,p90p100,2018,0.532
Turkey,p90p100,2019,0.5144
Turkey,p90p100,2020,0.5303
Turkey,p90p100,2021,0.5168
Turkey,p0p50,1995,0.1218
Turkey,p0p50,1996,0.122
Turkey,p0p50,1997,0.1223
Turkey,p0p50,1998,0.1226
Turkey,p0p50,1999,0.1229
Turkey,p0p50,2000,0.1232
Turkey,p0p50,2001,0.1235
Turkey,p0p50,2002,0.1237
Turkey,p0p50,2003,0.1273
Turkey,p0p50,2004,0.1326
Turkey,p0p50,2005,0.1417
Turkey,p0p50,2006,0.148
Turkey,p0p50,2007,0.1503
Turkey,p0p50,2008,0.1475
Turkey,p0p50,2009,0.1398
Turkey,p0p50,2010,0.1461
Turkey,p0p50,2011,0.1452
Turkey,p0p50,2012,0.1452
Turkey,p0p50,2013,0.1513
Turkey,p0p50,2014,0.1443
Turkey,p0p50,2015,0.142
Turkey,p0p50,2016,0.1392
Turkey,p0p50,2017,0.1381
Turkey,p0p50,2018,0.1368
Turkey,p0p50,2019,0.1437
Turkey,p0p50,2020,0.1372
Turkey,p0p50,2021,0.1418
Turkey,p99p100,1995,0.215
Turkey,p99p100,1996,0.216
Turkey,p99p100,1997,0.2169
Turkey,p99p100,1998,0.2178
Turkey,p99p100,1999,0.2187
Turkey,p99p100,2000,0.2195
Turkey,p99p100,2001,0.2204
Turkey,p99p100,2002,0.2212
Turkey,p99p100,2003,0.2156
Turkey,p99p100,2004,0.2095
Turkey,p99p100,2005,0.1816
Turkey,p99p100,2006,0.1717
Turkey,p99p100,2007,0.1658
Turkey,p99p100,2008,0.1772
Turkey,p99p100,2009,0.1906
Turkey,p99p100,2010,0.1934
Turkey,p99p100,2011,0.1864
Turkey,p99p100,2012,0.1925
Turkey,p99p100,2013,0.1833
Turkey,p99p100,2014,0.2027
Turkey,p99p100,2015,0.2091
Turkey,p99p100,2016,0.1928
Turkey,p99p100,2017,0.2061
Turkey,p99p100,2018,0.2038
Turkey,p99p100,2019,0.1903
Turkey,p99p100,2020,0.2041
Turkey,p99p100,2021,0.1878
USA,p90p100,1995,0.399
USA,p90p100,1996,0.408
USA,p90p100,1997,0.4152
USA,p90p100,1998,0.4191
USA,p90p100,1999,0.4228
USA,p90p100,2000,0.4275
USA,p90p100,2001,0.4195
USA,p90p100,2002,0.4151
USA,p90p100,2003,0.4164
USA,p90p100,2004,0.4243
USA,p90p100,2005,0.4358
USA,p90p100,2006,0.443
USA,p90p100,2007,0.4402
USA,p90p100,2008,0.4355
USA,p90p100,2009,0.4245
USA,p90p100,2010,0.4387
USA,p90p100,2011,0.4426
USA,p90p100,2012,0.4557
USA,p90p100,2013,0.4491
USA,p90p100,2014,0.4559
USA,p90p100,2015,0.4551
USA,p90p100,2016,0.4532
USA,p90p100,2017,0.4546
USA,p90p100,2018,0.4583
USA,p90p100,2019,0.4569
USA,p90p100,2020,0.4441
USA,p90p100,2021,0.456
USA,p0p50,1995,0.1575
USA,p0p50,1996,0.1549
USA,p0p50,1997,0.1526
USA,p0p50,1998,0.1528
USA,p0p50,1999,0.1518
USA,p0p50,2000,0.1507
USA,p0p50,2001,0.1528
USA,p0p50,2002,0.1538
USA,p0p50,2003,0.1508
USA,p0p50,2004,0.148
USA,p0p50,2005,0.1436
USA,p0p50,2006,0.1406
USA,p0p50,2007,0.1433
USA,p0p50,2008,0.1431
USA,p0p50,2009,0.1426
USA,p0p50,2010,0.1382
USA,p0p50,2011,0.1354
USA,p0p50,2012,0.1316
USA,p0p50,2013,0.1344
USA,p0p50,2014,0.1312
USA,p0p50,2015,0.1318
USA,p0p50,2016,0.1303
USA,p0p50,2017,0.1346
USA,p0p50,2018,0.1332
USA,p0p50,2019,0.1357
USA,p0p50,2020,0.1386
USA,p0p50,2021,0.1382
USA,p99p100,1995,0.1452
USA,p99p100,1996,0.1524
USA,p99p100,1997,0.1598
USA,p99p100,1998,0.1632
USA,p99p100,1999,0.1676
USA,p99p100,2000,0.1735
USA,p99p100,2001,0.166
USA,p99p100,2002,0.161
USA,p99p100,2003,0.1633
USA,p99p100,2004,0.1706
USA,p99p100,2005,0.1806
USA,p99p100,2006,0.1852
USA,p99p100,2007,0.1837
USA,p99p100,2008,0.1794
USA,p99p100,2009,0.1671
USA,p99p100,2010,0.179
USA,p99p100,2011,0.1808
USA,p99p100,2012,0.1948
USA,p99p100,2013,0.1847
USA,p99p100,2014,0.1897
USA,p99p100,2015,0.1889
USA,p99p100,2016,0.1867
USA,p99p100,2017,0.1905
USA,p99p100,2018,0.1925
USA,p99p100,2019,0.1906
USA,p99p100,2020,0.1788
USA,p99p100,2021,0.1903
United Kingdom,p90p100,1995,0.3434
United Kingdom,p90p100,1996,0.355
United Kingdom,p90p100,1997,0.354
United Kingdom,p90p100,1998,0.3635
United Kingdom,p90p100,1999,0.3659
United Kingdom,p90p100,2000,0.3586
United Kingdom,p90p100,2001,0.3618
United Kingdom,p90p100,2002,0.3645
United Kingdom,p90p100,2003,0.3758
United Kingdom,p90p100,2004,0.3702
United Kingdom,p90p100,2005,0.3815
United Kingdom,p90p100,2006,0.3849
United Kingdom,p90p100,2007,0.3857
United Kingdom,p90p100,2008,0.3689
United Kingdom,p90p100,2009,0.385
United Kingdom,p90p100,2010,0.3464
United Kingdom,p90p100,2011,0.3554
United Kingdom,p90p100,2012,0.3647
United Kingdom,p90p100,2013,0.3866
United Kingdom,p90p100,2014,0.3669
United Kingdom,p90p100,2015,0.356
United Kingdom,p90p100,2016,0.3562
United Kingdom,p90p100,2017,0.3592
United Kingdom,p90p100,2018,0.3593
United Kingdom,p90p100,2019,0.3564
United Kingdom,p90p100,2020,0.3567
United Kingdom,p90p100,2021,0.3567
United Kingdom,p0p50,1995,0.1877
United Kingdom,p0p50,1996,0.1888
United Kingdom,p0p50,1997,0.1908
United Kingdom,p0p50,1998,0.1867
United Kingdom,p0p50,1999,0.1824
United Kingdom,p0p50,2000,0.1907
United Kingdom,p0p50,2001,0.186
United Kingdom,p0p50,2002,0.1854
United Kingdom,p0p50,2003,0.1814
United Kingdom,p0p50,2004,0.1854
United Kingdom,p0p50,2005,0.1833
United Kingdom,p0p50,2006,0.181
United Kingdom,p0p50,2007,0.1843
United Kingdom,p0p50,2008,0.1869
United Kingdom,p0p50,2009,0.1769
United Kingdom,p0p50,2010,0.1986
United Kingdom,p0p50,2011,0.1955
United Kingdom,p0p50,2012,0.1887
United Kingdom,p0p50,2013,0.1835
United Kingdom,p0p50,2014,0.1939
United Kingdom,p0p50,2015,0.199
United Kingdom,p0p50,2016,0.2006
United Kingdom,p0p50,2017,0.2042
United Kingdom,p0p50,2018,0.2027
United Kingdom,p0p50,2019,0.2036
United Kingdom,p0p50,2020,0.2035
United Kingdom,p0p50,2021,0.2035
United Kingdom,p99p100,1995,0.1003
United Kingdom,p99p100,1996,0.1147
United Kingdom,p99p100,1997,0.1192
United Kingdom,p99p100,1998,0.1281
United Kingdom,p99p100,1999,0.1204
United Kingdom,p99p100,2000,0.1159
United Kingdom,p99p100,2001,0.1154
United Kingdom,p99p100,2002,0.119
United Kingdom,p99p100,2003,0.1297
United Kingdom,p99p100,2004,0.1284
United Kingdom,p99p100,2005,0.141
United Kingdom,p99p100,2006,0.145
United Kingdom,p99p100,2007,0.1455
United Kingdom,p99p100,2008,0.1395
United Kingdom,p99p100,2009,0.1417
United Kingdom,p99p100,2010,0.1215
United Kingdom,p99p100,2011,0.1302
United Kingdom,p99p100,2012,0.1263
United Kingdom,p99p100,2013,0.1369
United Kingdom,p99p100,2014,0.1323
United Kingdom,p99p100,2015,0.1225
United Kingdom,p99p100,2016,0.1241
United Kingdom,p99p100,2017,0.133
United Kingdom,p99p100,2018,0.1296
United Kingdom,p99p100,2019,0.126
United Kingdom,p99p100,2020,0.1265
United Kingdom,p99p100,2021,0.1265
