Australia,p90p100,1995,0.556
Australia,p90p100,1996,0.5559
Australia,p90p100,1997,0.5561
Australia,p90p100,1998,0.5562
Australia,p90p100,1999,0.5575
Australia,p90p100,2000,0.5582
Australia,p90p100,2001,0.5566
Australia,p90p100,2002,0.5575
Australia,p90p100,2003,0.5576
Australia,p90p100,2004,0.5581
Australia,p90p100,2005,0.5588
Australia,p90p100,2006,0.5612
Australia,p90p100,2007,0.5591
Australia,p90p100,2008,0.5575
Australia,p90p100,2009,0.5588
Australia,p90p100,2010,0.5589
Australia,p90p100,2011,0.5593
Australia,p90p100,2012,0.5629
Australia,p90p100,2013,0.5655
Australia,p90p100,2014,0.5656
Australia,p90p100,2015,0.5635
Australia,p90p100,2016,0.5616
Australia,p90p100,2017,0.5655
Australia,p90p100,2018,0.5672
Australia,p90p100,2019,0.5667
Australia,p90p100,2020,0.565
Australia,p90p100,2021,0.5706
Australia,p0p50,1995,0.0517
Australia,p0p50,1996,0.0517
Australia,p0p50,1997,0.0517
Australia,p0p50,1998,0.0517
Australia,p0p50,1999,0.0515
Australia,p0p50,2000,0.0514
Australia,p0p50,2001,0.0516
Australia,p0p50,2002,0.0515
Australia,p0p50,2003,0.0515
Australia,p0p50,2004,0.0514
Australia,p0p50,2005,0.0513
Australia,p0p50,2006,0.051
Australia,p0p50,2007,0.0513
Australia,p0p50,2008,0.0515
Australia,p0p50,2009,0.0513
Australia,p0p50,2010,0.0513
Australia,p0p50,2011,0.0513
Australia,p0p50,2012,0.0508
Australia,p0p50,2013,0.0505
Australia,p0p50,2014,0.0505
Australia,p0p50,2015,0.0507
Australia,p0p50,2016,0.051
Australia,p0p50,2017,0.0505
Australia,p0p50,2018,0.0503
Australia,p0p50,2019,0.0504
Australia,p0p50,2020,0.0506
Australia,p0p50,2021,0.0499
Australia,p99p100,1995,0.2195
Australia,p99p100,1996,0.2194
Australia,p99p100,1997,0.2196
Australia,p99p100,1998,0.2197
Australia,p99p100,1999,0.2207
Australia,p99p100,2000,0.2214
Australia,p99p100,2001,0.22
Australia,p99p100,2002,0.2208
Australia,p99p100,2003,0.2209
Australia,p99p100,2004,0.2213
Australia,p99p100,2005,0.2219
Australia,p99p100,2006,0.2239
Australia,p99p100,2007,0.2221
Australia,p99p100,2008,0.2211
Australia,p99p100,2009,0.2219
Australia,p99p100,2010,0.222
Australia,p99p100,2011,0.2235
Australia,p99p100,2012,0.2284
Australia,p99p100,2013,0.231
Australia,p99p100,2014,0.2316
Australia,p99p100,2015,0.2276
Australia,p99p100,2016,0.2248
Australia,p99p100,2017,0.2299
Australia,p99p100,2018,0.2327
Australia,p99p100,2019,0.232
Australia,p99p100,2020,0.229
Australia,p99p100,2021,0.2389
Austria,p90p100,1995,0.6045
Austria,p90p100,1996,0.605
Austria,p90p100,1997,0.6068
Austria,p90p100,1998,0.6085
Austria,p90p100,1999,0.6061
Austria,p90p100,2000,0.6079
Austria,p90p100,2001,0.6053
Austria,p90p100,2002,0.608
Austria,p90p100,2003,0.6114
Austria,p90p100,2004,0.6094
Austria,p90p100,2005,0.6139
Austria,p90p100,2006,0.6168
Austria,p90p100,2007,0.6132
Austria,p90p100,2008,0.6153
Austria,p90p100,2009,0.6113
Austria,p90p100,2010,0.6127
Austria,p90p100,2011,0.6088
Austria,p90p100,2012,0.6078
Austria,p90p100,2013,0.6063
Austria,p90p100,2014,0.6043
Austria,p90p100,2015,0.6072
Austria,p90p100,2016,0.6073
Austria,p90p100,2017,0.6124
Austria,p90p100,2018,0.6142
Austria,p90p100,2019,0.6142
Austria,p90p100,2020,0.6133
Austria,p90p100,2021,0.6185
Austria,p0p50,1995,0.0119
Austria,p0p50,1996,0.0119
Austria,p0p50,1997,0.0117
Austria,p0p50,1998,0.0114
Austria,p0p50,1999,0.012
Austria,p0p50,2000,0.0115
Austria,p0p50,2001,0.0118
Austria,p0p50,2002,0.0115
Austria,p0p50,2003,0.0111
Austria,p0p50,2004,0.0116
Austria,p0p50,2005,0.0112
Austria,p0p50,2006,0.0107
Austria,p0p50,2007,0.0112
Austria,p0p50,2008,0.0111
Austria,p0p50,2009,0.0115
Austria,p0p50,2010,0.0114
Austria,p0p50,2011,0.0148
Austria,p0p50,2012,0.0185
Austria,p0p50,2013,0.0232
Austria,p0p50,2014,0.0261
Austria,p0p50,2015,0.0268
Austria,p0p50,2016,0.0286
Austria,p0p50,2017,0.0315
Austria,p0p50,2018,0.0315
Austria,p0p50,2019,0.0314
Austria,p0p50,2020,0.0315
Austria,p0p50,2021,0.0311
Austria,p99p100,1995,0.2217
Austria,p99p100,1996,0.2222
Austria,p99p100,1997,0.2236
Austria,p99p100,1998,0.225
Austria,p99p100,1999,0.2258
Austria,p99p100,2000,0.2245
Austria,p99p100,2001,0.2224
Austria,p99p100,2002,0.2246
Austria,p99p100,2003,0.2279
Austria,p99p100,2004,0.2292
Austria,p99p100,2005,0.2344
Austria,p99p100,2006,0.2359
Austria,p99p100,2007,0.2333
Austria,p99p100,2008,0.2371
Austria,p99p100,2009,0.2326
Austria,p99p100,2010,0.2338
Austria,p99p100,2011,0.2501
Austria,p99p100,2012,0.2662
Austria,p99p100,2013,0.2807
Austria,p99p100,2014,0.2907
Austria,p99p100,2015,0.2904
Austria,p99p100,2016,0.2876
Austria,p99p100,2017,0.294
Austria,p99p100,2018,0.2985
Austria,p99p100,2019,0.2984
Austria,p99p100,2020,0.2967
Austria,p99p100,2021,0.3061
Belgium,p90p100,1995,0.5263
Belgium,p90p100,1996,0.5271
Belgium,p90p100,1997,0.5268
Belgium,p90p100,1998,0.5264
Belgium,p90p100,1999,0.5272
Belgium,p90p100,2000,0.5261
Belgium,p90p100,2001,0.5254
Belgium,p90p100,2002,0.5249
Belgium,p90p100,2003,0.5249
Belgium,p90p100,2004,0.5263
Belgium,p90p100,2005,0.526
Belgium,p90p100,2006,0.5278
Belgium,p90p100,2007,0.5293
Belgium,p90p100,2008,0.527
Belgium,p90p100,2009,0.5243
Belgium,p90p100,2010,0.5266
Belgium,p90p100,2011,0.5227
Belgium,p90p100,2012,0.5106
Belgium,p90p100,2013,0.505
Belgium,p90p100,2014,0.5088
Belgium,p90p100,2015,0.5166
Belgium,p90p100,2016,0.5181
Belgium,p90p100,2017,0.5211
Belgium,p90p100,2018,0.5211
Belgium,p90p100,2019,0.5218
Belgium,p90p100,2020,0.5209
Belgium,p90p100,2021,0.5219
Belgium,p0p50,1995,0.0803
Belgium,p0p50,1996,0.0802
Belgium,p0p50,1997,0.0803
Belgium,p0p50,1998,0.0803
Belgium,p0p50,1999,0.0802
Belgium,p0p50,2000,0.0804
Belgium,p0p50,2001,0.0804
Belgium,p0p50,2002,0.0805
Belgium,p0p50,2003,0.0805
Belgium,p0p50,2004,0.0803
Belgium,p0p50,2005,0.0803
Belgium,p0p50,2006,0.0801
Belgium,p0p50,2007,0.0799
Belgium,p0p50,2008,0.0802
Belgium,p0p50,2009,0.0805
Belgium,p0p50,2010,0.0802
Belgium,p0p50,2011,0.0791
Belgium,p0p50,2012,0.0822
Belgium,p0p50,2013,0.0835
Belgium,p0p50,2014,0.0813
Belgium,p0p50,2015,0.0791
Belgium,p0p50,2016,0.077
Belgium,p0p50,2017,0.0747
Belgium,p0p50,2018,0.0747
Belgium,p0p50,2019,0.0746
Belgium,p0p50,2020,0.0747
Belgium,p0p50,2021,0.0746
Belgium,p99p100,1995,0.1781
Belgium,p99p100,1996,0.1787
Belgium,p99p100,1997,0.1784
Belgium,p99p100,1998,0.1781
Belgium,p99p100,1999,0.1794
Belgium,p99p100,2000,0.1779
Belgium,p99p100,2001,0.1778
Belgium,p99p100,2002,0.1774
Belgium,p99p100,2003,0.1775
Belgium,p99p100,2004,0.1785
Belgium,p99p100,2005,0.1784
Belgium,p99p100,2006,0.1808
Belgium,p99p100,2007,0.1818
Belgium,p99p100,2008,0.1806
Belgium,p99p100,2009,0.1777
Belgium,p99p100,2010,0.18
Belgium,p99p100,2011,0.1777
Belgium,p99p100,2012,0.1673
Belgium,p99p100,2013,0.1621
Belgium,p99p100,2014,0.165
Belgium,p99p100,2015,0.1641
Belgium,p99p100,2016,0.156
Belgium,p99p100,2017,0.148
Belgium,p99p100,2018,0.1484
Belgium,p99p100,2019,0.1496
Belgium,p99p100,2020,0.1481
Belgium,p99p100,2021,0.1497
Canada,p90p100,1995,0.5703
Canada,p90p100,1996,0.5714
Canada,p90p100,1997,0.573
Canada,p90p100,1998,0.574
Canada,p90p100,1999,0.575
Canada,p90p100,2000,0.5796
Canada,p90p100,2001,0.5779
Canada,p90p100,2002,0.5772
Canada,p90p100,2003,0.5774
Canada,p90p100,2004,0.58
Canada,p90p100,2005,0.5819
Canada,p90p100,2006,0.584
Canada,p90p100,2007,0.5848
Canada,p90p100,2008,0.5833
Canada,p90p100,2009,0.5764
Canada,p90p100,2010,0.5795
Canada,p90p100,2011,0.5805
Canada,p90p100,2012,0.5788
Canada,p90p100,2013,0.5812
Canada,p90p100,2014,0.5827
Canada,p90p100,2015,0.5838
Canada,p90p100,2016,0.5779
Canada,p90p100,2017,0.5818
Canada,p90p100,2018,0.5822
Canada,p90p100,2019,0.5816
Canada,p90p100,2020,0.5801
Canada,p90p100,2021,0.5833
Canada,p0p50,1995,0.0499
Canada,p0p50,1996,0.0497
Canada,p0p50,1997,0.0495
Canada,p0p50,1998,0.0494
Canada,p0p50,1999,0.0493
Canada,p0p50,2000,0.0487
Canada,p0p50,2001,0.0489
Canada,p0p50,2002,0.049
Canada,p0p50,2003,0.049
Canada,p0p50,2004,0.0487
Canada,p0p50,2005,0.0484
Canada,p0p50,2006,0.0481
Canada,p0p50,2007,0.048
Canada,p0p50,2008,0.0482
Canada,p0p50,2009,0.0491
Canada,p0p50,2010,0.0487
Canada,p0p50,2011,0.0486
Canada,p0p50,2012,0.0488
Canada,p0p50,2013,0.0485
Canada,p0p50,2014,0.0483
Canada,p0p50,2015,0.0482
Canada,p0p50,2016,0.0489
Canada,p0p50,2017,0.0484
Canada,p0p50,2018,0.0484
Canada,p0p50,2019,0.0484
Canada,p0p50,2020,0.0486
Canada,p0p50,2021,0.0482
Canada,p99p100,1995,0.2327
Canada,p99p100,1996,0.2334
Canada,p99p100,1997,0.2349
Canada,p99p100,1998,0.2363
Canada,p99p100,1999,0.2376
Canada,p99p100,2000,0.2437
Canada,p99p100,2001,0.242
Canada,p99p100,2002,0.2409
Canada,p99p100,2003,0.2413
Canada,p99p100,2004,0.2447
Canada,p99p100,2005,0.2469
Canada,p99p100,2006,0.2492
Canada,p99p100,2007,0.25
Canada,p99p100,2008,0.2492
Canada,p99p100,2009,0.2391
Canada,p99p100,2010,0.2434
Canada,p99p100,2011,0.2449
Canada,p99p100,2012,0.2425
Canada,p99p100,2013,0.2452
Canada,p99p100,2014,0.2474
Canada,p99p100,2015,0.2491
Canada,p99p100,2016,0.2417
Canada,p99p100,2017,0.2461
Canada,p99p100,2018,0.247
Canada,p99p100,2019,0.2462
Canada,p99p100,2020,0.2435
Canada,p99p100,2021,0.2492
Chile,p90p100,1995,0.7741
Chile,p90p100,1996,0.778
Chile,p90p100,1997,0.7741
Chile,p90p100,1998,0.7688
Chile,p90p100,1999,0.7727
Chile,p90p100,2000,0.7798
Chile,p90p100,2001,0.783
Chile,p90p100,2002,0.7929
Chile,p90p100,2003,0.8031
Chile,p90p100,2004,0.8038
Chile,p90p100,2005,0.8029
Chile,p90p100,2006,0.8061
Chile,p90p100,2007,0.8077
Chile,p90p100,2008,0.8088
Chile,p90p100,2009,0.8058
Chile,p90p100,2010,0.8135
Chile,p90p100,2011,0.8198
Chile,p90p100,2012,0.8182
Chile,p90p100,2013,0.816
Chile,p90p100,2014,0.8156
Chile,p90p100,2015,0.8171
Chile,p90p100,2016,0.8066
Chile,p90p100,2017,0.8079
Chile,p90p100,2018,0.8058
Chile,p90p100,2019,0.8033
Chile,p90p100,2020,0.797
Chile,p90p100,2021,0.8039
Chile,p0p50,1995,0.0013
Chile,p0p50,1996,0.0012
Chile,p0p50,1997,0.0013
Chile,p0p50,1998,0.0013
Chile,p0p50,1999,0.0013
Chile,p0p50,2000,-0.0018
Chile,p0p50,2001,-0.0033
Chile,p0p50,2002,-0.0067
Chile,p0p50,2003,-0.0099
Chile,p0p50,2004,-0.009
Chile,p0p50,2005,-0.0086
Chile,p0p50,2006,-0.0103
Chile,p0p50,2007,-0.0099
Chile,p0p50,2008,-0.0088
Chile,p0p50,2009,-0.0093
Chile,p0p50,2010,-0.0091
Chile,p0p50,2011,-0.0098
Chile,p0p50,2012,-0.0093
Chile,p0p50,2013,-0.0086
Chile,p0p50,2014,-0.0086
Chile,p0p50,2015,-0.0091
Chile,p0p50,2016,-0.0076
Chile,p0p50,2017,-0.0061
Chile,p0p50,2018,-0.006
Chile,p0p50,2019,-0.0061
Chile,p0p50,2020,-0.0064
Chile,p0p50,2021,-0.0062
Chile,p99p100,1995,0.4534
Chile,p99p100,1996,0.4625
Chile,p99p100,1997,0.4533
Chile,p99p100,1998,0.4402
Chile,p99p100,1999,0.4497
Chile,p99p100,2000,0.4538
Chile,p99p100,2001,0.455
Chile,p99p100,2002,0.4647
Chile,p99p100,2003,0.476
Chile,p99p100,2004,0.4812
Chile,p99p100,2005,0.481
Chile,p99p100,2006,0.4815
Chile,p99p100,2007,0.4873
Chile,p99p100,2008,0.4947
Chile,p99p100,2009,0.4849
Chile,p99p100,2010,0.5045
Chile,p99p100,2011,0.5172
Chile,p99p100,2012,0.5153
Chile,p99p100,2013,0.5128
Chile,p99p100,2014,0.5121
Chile,p99p100,2015,0.5135
Chile,p99p100,2016,0.4943
Chile,p99p100,2017,0.504
Chile,p99p100,2018,0.499
Chile,p99p100,2019,0.4923
Chile,p99p100,2020,0.4759
Chile,p99p100,2021,0.4938
Colombia,p90p100,1995,0.7442
Colombia,p90p100,1996,0.7438
Colombia,p90p100,1997,0.7431
Colombia,p90p100,1998,0.7428
Colombia,p90p100,1999,0.7412
Colombia,p90p100,2000,0.7179
Colombia,p90p100,2001,0.7197
Colombia,p90p100,2002,0.7167
Colombia,p90p100,2003,0.7165
Colombia,p90p100,2004,0.7148
Colombia,p90p100,2005,0.6921
Colombia,p90p100,2006,0.708
Colombia,p90p100,2007,0.7165
Colombia,p90p100,2008,0.7323
Colombia,p90p100,2009,0.7667
Colombia,p90p100,2010,0.7347
Colombia,p90p100,2011,0.7054
Colombia,p90p100,2012,0.6746
Colombia,p90p100,2013,0.681
Colombia,p90p100,2014,0.694
Colombia,p90p100,2015,0.6509
Colombia,p90p100,2016,0.6544
Colombia,p90p100,2017,0.6359
Colombia,p90p100,2018,0.6469
Colombia,p90p100,2019,0.6465
Colombia,p90p100,2020,0.644
Colombia,p90p100,2021,0.6458
Colombia,p0p50,1995,0.0167
Colombia,p0p50,1996,0.0167
Colombia,p0p50,1997,0.0168
Colombia,p0p50,1998,0.0168
Colombia,p0p50,1999,0.017
Colombia,p0p50,2000,0.0184
Colombia,p0p50,2001,0.0183
Colombia,p0p50,2002,0.0186
Colombia,p0p50,2003,0.0184
Colombia,p0p50,2004,0.0204
Colombia,p0p50,2005,0.0289
Colombia,p0p50,2006,0.0256
Colombia,p0p50,2007,0.0232
Colombia,p0p50,2008,0.0186
Colombia,p0p50,2009,0.0058
Colombia,p0p50,2010,0.0178
Colombia,p0p50,2011,0.0259
Colombia,p0p50,2012,0.0335
Colombia,p0p50,2013,0.032
Colombia,p0p50,2014,0.0287
Colombia,p0p50,2015,0.0385
Colombia,p0p50,2016,0.0376
Colombia,p0p50,2017,0.0413
Colombia,p0p50,2018,0.0392
Colombia,p0p50,2019,0.0392
Colombia,p0p50,2020,0.0395
Colombia,p0p50,2021,0.0393
Colombia,p99p100,1995,0.4514
Colombia,p99p100,1996,0.4504
Colombia,p99p100,1997,0.4492
Colombia,p99p100,1998,0.4486
Colombia,p99p100,1999,0.4454
Colombia,p99p100,2000,0.395
Colombia,p99p100,2001,0.3987
Colombia,p99p100,2002,0.3928
Colombia,p99p100,2003,0.3916
Colombia,p99p100,2004,0.3971
Colombia,p99p100,2005,0.3854
Colombia,p99p100,2006,0.4071
Colombia,p99p100,2007,0.4154
Colombia,p99p100,2008,0.4314
Colombia,p99p100,2009,0.4553
Colombia,p99p100,2010,0.4334
Colombia,p99p100,2011,0.4022
Colombia,p99p100,2012,0.3687
Colombia,p99p100,2013,0.3753
Colombia,p99p100,2014,0.389
Colombia,p99p100,2015,0.3421
Colombia,p99p100,2016,0.344
Colombia,p99p100,2017,0.3251
Colombia,p99p100,2018,0.3367
Colombia,p99p100,2019,0.3358
Colombia,p99p100,2020,0.3311
Colombia,p99p100,2021,0.3344
Costa Rica,p90p100,1995,0.6075
Costa Rica,p90p100,1996,0.6074
Costa Rica,p90p100,1997,0.6072
Costa Rica,p90p100,1998,0.6072
Costa Rica,p90p100,1999,0.6072
Costa Rica,p90p100,2000,0.6073
Costa Rica,p90p100,2001,0.6075
Costa Rica,p90p100,2002,0.6075
Costa Rica,p90p100,2003,0.6076
Costa Rica,p90p100,2004,0.6074
Costa Rica,p90p100,2005,0.6074
Costa Rica,p90p100,2006,0.6073
Costa Rica,p90p100,2007,0.6073
Costa Rica,p90p100,2008,0.6076
Costa Rica,p90p100,2009,0.6076
Costa Rica,p90p100,2010,0.6077
Costa Rica,p90p100,2011,0.6122
Costa Rica,p90p100,2012,0.6766
Costa Rica,p90p100,2013,0.789
Costa Rica,p90p100,2014,0.6538
Costa Rica,p90p100,2015,0.6718
Costa Rica,p90p100,2016,0.7175
Costa Rica,p90p100,2017,0.6435
Costa Rica,p90p100,2018,0.6832
Costa Rica,p90p100,2019,0.6833
Costa Rica,p90p100,2020,0.6833
Costa Rica,p90p100,2021,0.6834
Costa Rica,p0p50,1995,0.0443
Costa Rica,p0p50,1996,0.0444
Costa Rica,p0p50,1997,0.0444
Costa Rica,p0p50,1998,0.0444
Costa Rica,p0p50,1999,0.0444
Costa Rica,p0p50,2000,0.0444
Costa Rica,p0p50,2001,0.0443
Costa Rica,p0p50,2002,0.0443
Costa Rica,p0p50,2003,0.0443
Costa Rica,p0p50,2004,0.0444
Costa Rica,p0p50,2005,0.0444
Costa Rica,p0p50,2006,0.0444
Costa Rica,p0p50,2007,0.0444
Costa Rica,p0p50,2008,0.0443
Costa Rica,p0p50,2009,0.0443
Costa Rica,p0p50,2010,0.0443
Costa Rica,p0p50,2011,0.0435
Costa Rica,p0p50,2012,0.0288
Costa Rica,p0p50,2013,-0.0056
Costa Rica,p0p50,2014,0.0346
Costa Rica,p0p50,2015,0.03
Costa Rica,p0p50,2016,0.0173
Costa Rica,p0p50,2017,0.037
Costa Rica,p0p50,2018,0.027
Costa Rica,p0p50,2019,0.027
Costa Rica,p0p50,2020,0.027
Costa Rica,p0p50,2021,0.027
Costa Rica,p99p100,1995,0.2708
Costa Rica,p99p100,1996,0.2707
Costa Rica,p99p100,1997,0.2705
Costa Rica,p99p100,1998,0.2705
Costa Rica,p99p100,1999,0.2705
Costa Rica,p99p100,2000,0.2706
Costa Rica,p99p100,2001,0.2708
Costa Rica,p99p100,2002,0.2709
Costa Rica,p99p100,2003,0.2709
Costa Rica,p99p100,2004,0.2707
Costa Rica,p99p100,2005,0.2708
Costa Rica,p99p100,2006,0.2706
Costa Rica,p99p100,2007,0.2707
Costa Rica,p99p100,2008,0.271
Costa Rica,p99p100,2009,0.271
Costa Rica,p99p100,2010,0.271
Costa Rica,p99p100,2011,0.276
Costa Rica,p99p100,2012,0.3457
Costa Rica,p99p100,2013,0.4597
Costa Rica,p99p100,2014,0.3213
Costa Rica,p99p100,2015,0.3407
Costa Rica,p99p100,2016,0.3886
Costa Rica,p99p100,2017,0.3101
Costa Rica,p99p100,2018,0.3528
Costa Rica,p99p100,2019,0.3529
Costa Rica,p99p100,2020,0.3529
Costa Rica,p99p100,2021,0.353
Czech Republic,p90p100,1995,0.5556
Czech Republic,p90p100,1996,0.5557
Czech Republic,p90p100,1997,0.5557
Czech Republic,p90p100,1998,0.5557
Czech Republic,p90p100,1999,0.5557
Czech Republic,p90p100,2000,0.5557
Czech Republic,p90p100,2001,0.5558
Czech Republic,p90p100,2002,0.5558
Czech Republic,p90p100,2003,0.5559
Czech Republic,p90p100,2004,0.5561
Czech Republic,p90p100,2005,0.5563
Czech Republic,p90p100,2006,0.5584
Czech Republic,p90p100,2007,0.5619
Czech Republic,p90p100,2008,0.5671
Czech Republic,p90p100,2009,0.5605
Czech Republic,p90p100,2010,0.5645
Czech Republic,p90p100,2011,0.566
Czech Republic,p90p100,2012,0.5662
Czech Republic,p90p100,2013,0.5686
Czech Republic,p90p100,2014,0.5725
Czech Republic,p90p100,2015,0.5694
Czech Republic,p90p100,2016,0.5697
Czech Republic,p90p100,2017,0.5739
Czech Republic,p90p100,2018,0.5783
Czech Republic,p90p100,2019,0.5793
Czech Republic,p90p100,2020,0.579
Czech Republic,p90p100,2021,0.5847
Czech Republic,p0p50,1995,0.0518
Czech Republic,p0p50,1996,0.0518
Czech Republic,p0p50,1997,0.0518
Czech Republic,p0p50,1998,0.0518
Czech Republic,p0p50,1999,0.0518
Czech Republic,p0p50,2000,0.0518
Czech Republic,p0p50,2001,0.0517
Czech Republic,p0p50,2002,0.0518
Czech Republic,p0p50,2003,0.0517
Czech Republic,p0p50,2004,0.0517
Czech Republic,p0p50,2005,0.0517
Czech Republic,p0p50,2006,0.0514
Czech Republic,p0p50,2007,0.051
Czech Republic,p0p50,2008,0.0504
Czech Republic,p0p50,2009,0.0512
Czech Republic,p0p50,2010,0.0507
Czech Republic,p0p50,2011,0.0506
Czech Republic,p0p50,2012,0.0505
Czech Republic,p0p50,2013,0.0502
Czech Republic,p0p50,2014,0.0498
Czech Republic,p0p50,2015,0.0501
Czech Republic,p0p50,2016,0.0501
Czech Republic,p0p50,2017,0.0496
Czech Republic,p0p50,2018,0.0491
Czech Republic,p0p50,2019,0.049
Czech Republic,p0p50,2020,0.049
Czech Republic,p0p50,2021,0.0484
Czech Republic,p99p100,1995,0.2192
Czech Republic,p99p100,1996,0.2193
Czech Republic,p99p100,1997,0.2192
Czech Republic,p99p100,1998,0.2193
Czech Republic,p99p100,1999,0.2193
Czech Republic,p99p100,2000,0.2193
Czech Republic,p99p100,2001,0.2193
Czech Republic,p99p100,2002,0.2193
Czech Republic,p99p100,2003,0.2194
Czech Republic,p99p100,2004,0.2196
Czech Republic,p99p100,2005,0.2198
Czech Republic,p99p100,2006,0.223
Czech Republic,p99p100,2007,0.229
Czech Republic,p99p100,2008,0.2362
Czech Republic,p99p100,2009,0.2271
Czech Republic,p99p100,2010,0.2338
Czech Republic,p99p100,2011,0.2369
Czech Republic,p99p100,2012,0.2361
Czech Republic,p99p100,2013,0.2409
Czech Republic,p99p100,2014,0.2471
Czech Republic,p99p100,2015,0.2413
Czech Republic,p99p100,2016,0.2429
Czech Republic,p99p100,2017,0.2503
Czech Republic,p99p100,2018,0.2584
Czech Republic,p99p100,2019,0.2602
Czech Republic,p99p100,2020,0.2598
Czech Republic,p99p100,2021,0.2698
Denmark,p90p100,1995,0.5189
Denmark,p90p100,1996,0.5192
Denmark,p90p100,1997,0.5475
Denmark,p90p100,1998,0.5484
Denmark,p90p100,1999,0.5543
Denmark,p90p100,2000,0.5401
Denmark,p90p100,2001,0.5183
Denmark,p90p100,2002,0.5121
Denmark,p90p100,2003,0.5055
Denmark,p90p100,2004,0.5082
Denmark,p90p100,2005,0.5157
Denmark,p90p100,2006,0.5113
Denmark,p90p100,2007,0.5111
Denmark,p90p100,2008,0.4896
Denmark,p90p100,2009,0.5092
Denmark,p90p100,2010,0.5107
Denmark,p90p100,2011,0.5013
Denmark,p90p100,2012,0.4942
Denmark,p90p100,2013,0.4998
Denmark,p90p100,2014,0.5048
Denmark,p90p100,2015,0.5021
Denmark,p90p100,2016,0.503
Denmark,p90p100,2017,0.505
Denmark,p90p100,2018,0.504
Denmark,p90p100,2019,0.5014
Denmark,p90p100,2020,0.5016
Denmark,p90p100,2021,0.5074
Denmark,p0p50,1995,0.0269
Denmark,p0p50,1996,0.0263
Denmark,p0p50,1997,0.019
Denmark,p0p50,1998,0.0184
Denmark,p0p50,1999,0.0252
Denmark,p0p50,2000,0.0356
Denmark,p0p50,2001,0.0322
Denmark,p0p50,2002,0.0229
Denmark,p0p50,2003,0.0341
Denmark,p0p50,2004,0.0419
Denmark,p0p50,2005,0.0521
Denmark,p0p50,2006,0.0556
Denmark,p0p50,2007,0.0535
Denmark,p0p50,2008,0.0479
Denmark,p0p50,2009,0.0299
Denmark,p0p50,2010,0.0346
Denmark,p0p50,2011,0.0295
Denmark,p0p50,2012,0.0413
Denmark,p0p50,2013,0.0407
Denmark,p0p50,2014,0.0403
Denmark,p0p50,2015,0.0405
Denmark,p0p50,2016,0.0405
Denmark,p0p50,2017,0.0403
Denmark,p0p50,2018,0.0404
Denmark,p0p50,2019,0.0407
Denmark,p0p50,2020,0.0406
Denmark,p0p50,2021,0.0402
Denmark,p99p100,1995,0.1905
Denmark,p99p100,1996,0.1897
Denmark,p99p100,1997,0.2176
Denmark,p99p100,1998,0.2213
Denmark,p99p100,1999,0.2373
Denmark,p99p100,2000,0.2268
Denmark,p99p100,2001,0.1911
Denmark,p99p100,2002,0.1785
Denmark,p99p100,2003,0.1748
Denmark,p99p100,2004,0.188
Denmark,p99p100,2005,0.214
Denmark,p99p100,2006,0.2149
Denmark,p99p100,2007,0.2102
Denmark,p99p100,2008,0.1753
Denmark,p99p100,2009,0.1911
Denmark,p99p100,2010,0.2063
Denmark,p99p100,2011,0.1922
Denmark,p99p100,2012,0.1958
Denmark,p99p100,2013,0.2034
Denmark,p99p100,2014,0.2103
Denmark,p99p100,2015,0.2067
Denmark,p99p100,2016,0.2082
Denmark,p99p100,2017,0.2116
Denmark,p99p100,2018,0.2112
Denmark,p99p100,2019,0.2069
Denmark,p99p100,2020,0.2072
Denmark,p99p100,2021,0.2164
Estonia,p90p100,1995,0.6744
Estonia,p90p100,1996,0.667
Estonia,p90p100,1997,0.6669
Estonia,p90p100,1998,0.6692
Estonia,p90p100,1999,0.6715
Estonia,p90p100,2000,0.6709
Estonia,p90p100,2001,0.6697
Estonia,p90p100,2002,0.6725
Estonia,p90p100,2003,0.6739
Estonia,p90p100,2004,0.669
Estonia,p90p100,2005,0.6823
Estonia,p90p100,2006,0.6733
Estonia,p90p100,2007,0.6674
Estonia,p90p100,2008,0.6645
Estonia,p90p100,2009,0.6577
Estonia,p90p100,2010,0.6609
Estonia,p90p100,2011,0.6636
Estonia,p90p100,2012,0.6655
Estonia,p90p100,2013,0.6664
Estonia,p90p100,2014,0.6665
Estonia,p90p100,2015,0.6556
Estonia,p90p100,2016,0.6534
Estonia,p90p100,2017,0.6603
Estonia,p90p100,2018,0.665
Estonia,p90p100,2019,0.6642
Estonia,p90p100,2020,0.6642
Estonia,p90p100,2021,0.6642
Estonia,p0p50,1995,0.0043
Estonia,p0p50,1996,0.0052
Estonia,p0p50,1997,0.0052
Estonia,p0p50,1998,0.0049
Estonia,p0p50,1999,0.0046
Estonia,p0p50,2000,0.0047
Estonia,p0p50,2001,0.0048
Estonia,p0p50,2002,0.0045
Estonia,p0p50,2003,0.0044
Estonia,p0p50,2004,0.0049
Estonia,p0p50,2005,0.0033
Estonia,p0p50,2006,0.0044
Estonia,p0p50,2007,0.0051
Estonia,p0p50,2008,0.0054
Estonia,p0p50,2009,0.0062
Estonia,p0p50,2010,0.0058
Estonia,p0p50,2011,0.0055
Estonia,p0p50,2012,0.0053
Estonia,p0p50,2013,0.0052
Estonia,p0p50,2014,0.0095
Estonia,p0p50,2015,0.0112
Estonia,p0p50,2016,0.0118
Estonia,p0p50,2017,0.0132
Estonia,p0p50,2018,0.0127
Estonia,p0p50,2019,0.0128
Estonia,p0p50,2020,0.0128
Estonia,p0p50,2021,0.0128
Estonia,p99p100,1995,0.3211
Estonia,p99p100,1996,0.3127
Estonia,p99p100,1997,0.3126
Estonia,p99p100,1998,0.3152
Estonia,p99p100,1999,0.3177
Estonia,p99p100,2000,0.3171
Estonia,p99p100,2001,0.3158
Estonia,p99p100,2002,0.3189
Estonia,p99p100,2003,0.3204
Estonia,p99p100,2004,0.3149
Estonia,p99p100,2005,0.3301
Estonia,p99p100,2006,0.3198
Estonia,p99p100,2007,0.3132
Estonia,p99p100,2008,0.31
Estonia,p99p100,2009,0.3028
Estonia,p99p100,2010,0.3062
Estonia,p99p100,2011,0.3091
Estonia,p99p100,2012,0.3112
Estonia,p99p100,2013,0.3121
Estonia,p99p100,2014,0.3179
Estonia,p99p100,2015,0.308
Estonia,p99p100,2016,0.309
Estonia,p99p100,2017,0.3229
Estonia,p99p100,2018,0.3277
Estonia,p99p100,2019,0.3269
Estonia,p99p100,2020,0.3269
Estonia,p99p100,2021,0.3269
Finland,p90p100,1995,0.5293
Finland,p90p100,1996,0.5368
Finland,p90p100,1997,0.5421
Finland,p90p100,1998,0.559
Finland,p90p100,1999,0.567
Finland,p90p100,2000,0.5697
Finland,p90p100,2001,0.5612
Finland,p90p100,2002,0.5641
Finland,p90p100,2003,0.5703
Finland,p90p100,2004,0.5722
Finland,p90p100,2005,0.5698
Finland,p90p100,2006,0.5698
Finland,p90p100,2007,0.5588
Finland,p90p100,2008,0.5371
Finland,p90p100,2009,0.5392
Finland,p90p100,2010,0.5516
Finland,p90p100,2011,0.546
Finland,p90p100,2012,0.5419
Finland,p90p100,2013,0.5481
Finland,p90p100,2014,0.5478
Finland,p90p100,2015,0.5498
Finland,p90p100,2016,0.5541
Finland,p90p100,2017,0.5588
Finland,p90p100,2018,0.5592
Finland,p90p100,2019,0.5576
Finland,p90p100,2020,0.5576
Finland,p90p100,2021,0.5606
Finland,p0p50,1995,0.0294
Finland,p0p50,1996,0.0336
Finland,p0p50,1997,0.0383
Finland,p0p50,1998,0.0351
Finland,p0p50,1999,0.0368
Finland,p0p50,2000,0.0367
Finland,p0p50,2001,0.0369
Finland,p0p50,2002,0.0289
Finland,p0p50,2003,0.0232
Finland,p0p50,2004,0.0166
Finland,p0p50,2005,0.0178
Finland,p0p50,2006,0.0164
Finland,p0p50,2007,0.0222
Finland,p0p50,2008,0.0245
Finland,p0p50,2009,0.0276
Finland,p0p50,2010,0.0253
Finland,p0p50,2011,0.024
Finland,p0p50,2012,0.0305
Finland,p0p50,2013,0.0333
Finland,p0p50,2014,0.0341
Finland,p0p50,2015,0.0301
Finland,p0p50,2016,0.0235
Finland,p0p50,2017,0.0205
Finland,p0p50,2018,0.0204
Finland,p0p50,2019,0.0205
Finland,p0p50,2020,0.0205
Finland,p0p50,2021,0.0204
Finland,p99p100,1995,0.1401
Finland,p99p100,1996,0.1509
Finland,p99p100,1997,0.1593
Finland,p99p100,1998,0.1724
Finland,p99p100,1999,0.1809
Finland,p99p100,2000,0.1798
Finland,p99p100,2001,0.1741
Finland,p99p100,2002,0.1731
Finland,p99p100,2003,0.176
Finland,p99p100,2004,0.1765
Finland,p99p100,2005,0.1815
Finland,p99p100,2006,0.188
Finland,p99p100,2007,0.183
Finland,p99p100,2008,0.167
Finland,p99p100,2009,0.1775
Finland,p99p100,2010,0.1853
Finland,p99p100,2011,0.1747
Finland,p99p100,2012,0.173
Finland,p99p100,2013,0.1784
Finland,p99p100,2014,0.1787
Finland,p99p100,2015,0.1768
Finland,p99p100,2016,0.1776
Finland,p99p100,2017,0.1821
Finland,p99p100,2018,0.1828
Finland,p99p100,2019,0.18
Finland,p99p100,2020,0.1799
Finland,p99p100,2021,0.1855
France,p90p100,1995,0.5359
France,p90p100,1996,0.5665
France,p90p100,1997,0.5802
France,p90p100,1998,0.5937
France,p90p100,1999,0.6001
France,p90p100,2000,0.6022
France,p90p100,2001,0.5937
France,p90p100,2002,0.5792
France,p90p100,2003,0.5718
France,p90p100,2004,0.5653
France,p90p100,2005,0.5571
France,p90p100,2006,0.5601
France,p90p100,2007,0.566
France,p90p100,2008,0.5611
France,p90p100,2009,0.5657
France,p90p100,2010,0.5826
France,p90p100,2011,0.576
France,p90p100,2012,0.5713
France,p90p100,2013,0.5777
France,p90p100,2014,0.5853
France,p90p100,2015,0.5872
France,p90p100,2016,0.5854
France,p90p100,2017,0.5863
France,p90p100,2018,0.589
France,p90p100,2019,0.589
France,p90p100,2020,0.5877
France,p90p100,2021,0.5933
France,p0p50,1995,0.0671
France,p0p50,1996,0.0629
France,p0p50,1997,0.0611
France,p0p50,1998,0.0589
France,p0p50,1999,0.0584
France,p0p50,2000,0.057
France,p0p50,2001,0.0584
France,p0p50,2002,0.0605
France,p0p50,2003,0.0603
France,p0p50,2004,0.0606
France,p0p50,2005,0.0608
France,p0p50,2006,0.0583
France,p0p50,2007,0.0559
France,p0p50,2008,0.0565
France,p0p50,2009,0.0536
France,p0p50,2010,0.0475
France,p0p50,2011,0.0505
France,p0p50,2012,0.0534
France,p0p50,2013,0.0511
France,p0p50,2014,0.0501
France,p0p50,2015,0.0498
France,p0p50,2016,0.05
France,p0p50,2017,0.0499
France,p0p50,2018,0.0496
France,p0p50,2019,0.0496
France,p0p50,2020,0.0498
France,p0p50,2021,0.0491
France,p99p100,1995,0.2042
France,p99p100,1996,0.2426
France,p99p100,1997,0.2631
France,p99p100,1998,0.2782
France,p99p100,1999,0.2927
France,p99p100,2000,0.2933
France,p99p100,2001,0.28
France,p99p100,2002,0.2632
France,p99p100,2003,0.2545
France,p99p100,2004,0.2485
France,p99p100,2005,0.2357
France,p99p100,2006,0.2316
France,p99p100,2007,0.2348
France,p99p100,2008,0.2282
France,p99p100,2009,0.2262
France,p99p100,2010,0.245
France,p99p100,2011,0.2412
France,p99p100,2012,0.2364
France,p99p100,2013,0.2439
France,p99p100,2014,0.2549
France,p99p100,2015,0.2572
France,p99p100,2016,0.2539
France,p99p100,2017,0.2555
France,p99p100,2018,0.26
France,p99p100,2019,0.26
France,p99p100,2020,0.2576
France,p99p100,2021,0.2677
Germany,p90p100,1995,0.5718
Germany,p90p100,1996,0.5724
Germany,p90p100,1997,0.5714
Germany,p90p100,1998,0.5709
Germany,p90p100,1999,0.5743
Germany,p90p100,2000,0.5718
Germany,p90p100,2001,0.5698
Germany,p90p100,2002,0.5698
Germany,p90p100,2003,0.5694
Germany,p90p100,2004,0.5786
Germany,p90p100,2005,0.5877
Germany,p90p100,2006,0.5927
Germany,p90p100,2007,0.6006
Germany,p90p100,2008,0.6052
Germany,p90p100,2009,0.5965
Germany,p90p100,2010,0.5909
Germany,p90p100,2011,0.5875
Germany,p90p100,2012,0.5824
Germany,p90p100,2013,0.5833
Germany,p90p100,2014,0.5871
Germany,p90p100,2015,0.5874
Germany,p90p100,2016,0.5877
Germany,p90p100,2017,0.587
Germany,p90p100,2018,0.5906
Germany,p90p100,2019,0.5873
Germany,p90p100,2020,0.5854
Germany,p90p100,2021,0.5894
Germany,p0p50,1995,0.0438
Germany,p0p50,1996,0.0437
Germany,p0p50,1997,0.0438
Germany,p0p50,1998,0.0438
Germany,p0p50,1999,0.0417
Germany,p0p50,2000,0.0403
Germany,p0p50,2001,0.0387
Germany,p0p50,2002,0.037
Germany,p0p50,2003,0.0353
Germany,p0p50,2004,0.033
Germany,p0p50,2005,0.0307
Germany,p0p50,2006,0.0288
Germany,p0p50,2007,0.0267
Germany,p0p50,2008,0.0249
Germany,p0p50,2009,0.0271
Germany,p0p50,2010,0.0293
Germany,p0p50,2011,0.0312
Germany,p0p50,2012,0.0333
Germany,p0p50,2013,0.0347
Germany,p0p50,2014,0.0343
Germany,p0p50,2015,0.0342
Germany,p0p50,2016,0.0342
Germany,p0p50,2017,0.0342
Germany,p0p50,2018,0.0339
Germany,p0p50,2019,0.0342
Germany,p0p50,2020,0.0343
Germany,p0p50,2021,0.034
Germany,p99p100,1995,0.2616
Germany,p99p100,1996,0.2619
Germany,p99p100,1997,0.2594
Germany,p99p100,1998,0.2575
Germany,p99p100,1999,0.265
Germany,p99p100,2000,0.2621
Germany,p99p100,2001,0.2597
Germany,p99p100,2002,0.261
Germany,p99p100,2003,0.2628
Germany,p99p100,2004,0.2713
Germany,p99p100,2005,0.278
Germany,p99p100,2006,0.2804
Germany,p99p100,2007,0.2863
Germany,p99p100,2008,0.2892
Germany,p99p100,2009,0.277
Germany,p99p100,2010,0.2723
Germany,p99p100,2011,0.2703
Germany,p99p100,2012,0.2662
Germany,p99p100,2013,0.2697
Germany,p99p100,2014,0.2768
Germany,p99p100,2015,0.2784
Germany,p99p100,2016,0.2803
Germany,p99p100,2017,0.2806
Germany,p99p100,2018,0.2884
Germany,p99p100,2019,0.2827
Germany,p99p100,2020,0.2793
Germany,p99p100,2021,0.2863
Greece,p90p100,1995,0.4992
Greece,p90p100,1996,0.5042
Greece,p90p100,1997,0.4946
Greece,p90p100,1998,0.4926
Greece,p90p100,1999,0.4962
Greece,p90p100,2000,0.4974
Greece,p90p100,2001,0.498
Greece,p90p100,2002,0.494
Greece,p90p100,2003,0.4899
Greece,p90p100,2004,0.4921
Greece,p90p100,2005,0.4947
Greece,p90p100,2006,0.494
Greece,p90p100,2007,0.4942
Greece,p90p100,2008,0.4934
Greece,p90p100,2009,0.4832
Greece,p90p100,2010,0.505
Greece,p90p100,2011,0.5175
Greece,p90p100,2012,0.5444
Greece,p90p100,2013,0.5801
Greece,p90p100,2014,0.5942
Greece,p90p100,2015,0.5907
Greece,p90p100,2016,0.5845
Greece,p90p100,2017,0.6003
Greece,p90p100,2018,0.6036
Greece,p90p100,2019,0.6039
Greece,p90p100,2020,0.6005
Greece,p90p100,2021,0.6074
Greece,p0p50,1995,0.0549
Greece,p0p50,1996,0.0544
Greece,p0p50,1997,0.0554
Greece,p0p50,1998,0.0556
Greece,p0p50,1999,0.0552
Greece,p0p50,2000,0.0551
Greece,p0p50,2001,0.055
Greece,p0p50,2002,0.0555
Greece,p0p50,2003,0.056
Greece,p0p50,2004,0.0557
Greece,p0p50,2005,0.0554
Greece,p0p50,2006,0.0555
Greece,p0p50,2007,0.0555
Greece,p0p50,2008,0.0557
Greece,p0p50,2009,0.0568
Greece,p0p50,2010,0.0241
Greece,p0p50,2011,0.01
Greece,p0p50,2012,-0.0066
Greece,p0p50,2013,-0.0137
Greece,p0p50,2014,-0.0253
Greece,p0p50,2015,-0.0177
Greece,p0p50,2016,-0.0115
Greece,p0p50,2017,-0.0098
Greece,p0p50,2018,-0.0185
Greece,p0p50,2019,-0.0186
Greece,p0p50,2020,-0.0187
Greece,p0p50,2021,-0.0184
Greece,p99p100,1995,0.1575
Greece,p99p100,1996,0.1647
Greece,p99p100,1997,0.1469
Greece,p99p100,1998,0.1438
Greece,p99p100,1999,0.1493
Greece,p99p100,2000,0.1499
Greece,p99p100,2001,0.151
Greece,p99p100,2002,0.146
Greece,p99p100,2003,0.1418
Greece,p99p100,2004,0.144
Greece,p99p100,2005,0.1483
Greece,p99p100,2006,0.1487
Greece,p99p100,2007,0.1501
Greece,p99p100,2008,0.1534
Greece,p99p100,2009,0.1375
Greece,p99p100,2010,0.147
Greece,p99p100,2011,0.1525
Greece,p99p100,2012,0.1731
Greece,p99p100,2013,0.2083
Greece,p99p100,2014,0.2124
Greece,p99p100,2015,0.216
Greece,p99p100,2016,0.2118
Greece,p99p100,2017,0.2339
Greece,p99p100,2018,0.2326
Greece,p99p100,2019,0.2324
Greece,p99p100,2020,0.2257
Greece,p99p100,2021,0.2392
Hungary,p90p100,1995,0.5902
Hungary,p90p100,1996,0.5902
Hungary,p90p100,1997,0.5904
Hungary,p90p100,1998,0.5905
Hungary,p90p100,1999,0.5909
Hungary,p90p100,2000,0.5908
Hungary,p90p100,2001,0.5925
Hungary,p90p100,2002,0.595
Hungary,p90p100,2003,0.5957
Hungary,p90p100,2004,0.5938
Hungary,p90p100,2005,0.5974
Hungary,p90p100,2006,0.6007
Hungary,p90p100,2007,0.6018
Hungary,p90p100,2008,0.5996
Hungary,p90p100,2009,0.5971
Hungary,p90p100,2010,0.598
Hungary,p90p100,2011,0.5965
Hungary,p90p100,2012,0.5944
Hungary,p90p100,2013,0.5973
Hungary,p90p100,2014,0.5962
Hungary,p90p100,2015,0.6188
Hungary,p90p100,2016,0.6475
Hungary,p90p100,2017,0.6716
Hungary,p90p100,2018,0.6725
Hungary,p90p100,2019,0.6726
Hungary,p90p100,2020,0.6726
Hungary,p90p100,2021,0.6726
Hungary,p0p50,1995,0.0478
Hungary,p0p50,1996,0.0478
Hungary,p0p50,1997,0.0478
Hungary,p0p50,1998,0.0478
Hungary,p0p50,1999,0.0477
Hungary,p0p50,2000,0.0478
Hungary,p0p50,2001,0.0475
Hungary,p0p50,2002,0.0472
Hungary,p0p50,2003,0.0471
Hungary,p0p50,2004,0.0473
Hungary,p0p50,2005,0.0469
Hungary,p0p50,2006,0.0464
Hungary,p0p50,2007,0.0463
Hungary,p0p50,2008,0.0466
Hungary,p0p50,2009,0.0469
Hungary,p0p50,2010,0.0468
Hungary,p0p50,2011,0.047
Hungary,p0p50,2012,0.0473
Hungary,p0p50,2013,0.0469
Hungary,p0p50,2014,0.047
Hungary,p0p50,2015,0.0478
Hungary,p0p50,2016,0.0422
Hungary,p0p50,2017,0.0391
Hungary,p0p50,2018,0.039
Hungary,p0p50,2019,0.039
Hungary,p0p50,2020,0.039
Hungary,p0p50,2021,0.039
Hungary,p99p100,1995,0.241
Hungary,p99p100,1996,0.241
Hungary,p99p100,1997,0.2412
Hungary,p99p100,1998,0.2413
Hungary,p99p100,1999,0.2415
Hungary,p99p100,2000,0.2415
Hungary,p99p100,2001,0.243
Hungary,p99p100,2002,0.2452
Hungary,p99p100,2003,0.2457
Hungary,p99p100,2004,0.2441
Hungary,p99p100,2005,0.2473
Hungary,p99p100,2006,0.2503
Hungary,p99p100,2007,0.2513
Hungary,p99p100,2008,0.2493
Hungary,p99p100,2009,0.2471
Hungary,p99p100,2010,0.2478
Hungary,p99p100,2011,0.2464
Hungary,p99p100,2012,0.2446
Hungary,p99p100,2013,0.2472
Hungary,p99p100,2014,0.2462
Hungary,p99p100,2015,0.2724
Hungary,p99p100,2016,0.3032
Hungary,p99p100,2017,0.3335
Hungary,p99p100,2018,0.3346
Hungary,p99p100,2019,0.3346
Hungary,p99p100,2020,0.3346
Hungary,p99p100,2021,0.3346
Iceland,p90p100,1995,0.5578
Iceland,p90p100,1996,0.5579
Iceland,p90p100,1997,0.5581
Iceland,p90p100,1998,0.5583
Iceland,p90p100,1999,0.5586
Iceland,p90p100,2000,0.5585
Iceland,p90p100,2001,0.5616
Iceland,p90p100,2002,0.563
Iceland,p90p100,2003,0.5616
Iceland,p90p100,2004,0.5586
Iceland,p90p100,2005,0.5673
Iceland,p90p100,2006,0.5737
Iceland,p90p100,2007,0.5963
Iceland,p90p100,2008,0.5893
Iceland,p90p100,2009,0.5608
Iceland,p90p100,2010,0.5557
Iceland,p90p100,2011,0.5558
Iceland,p90p100,2012,0.5559
Iceland,p90p100,2013,0.557
Iceland,p90p100,2014,0.5569
Iceland,p90p100,2015,0.5611
Iceland,p90p100,2016,0.5616
Iceland,p90p100,2017,0.5614
Iceland,p90p100,2018,0.5611
Iceland,p90p100,2019,0.5611
Iceland,p90p100,2020,0.5614
Iceland,p90p100,2021,0.5668
Iceland,p0p50,1995,0.0515
Iceland,p0p50,1996,0.0515
Iceland,p0p50,1997,0.0514
Iceland,p0p50,1998,0.0514
Iceland,p0p50,1999,0.0514
Iceland,p0p50,2000,0.0514
Iceland,p0p50,2001,0.051
Iceland,p0p50,2002,0.0508
Iceland,p0p50,2003,0.051
Iceland,p0p50,2004,0.0514
Iceland,p0p50,2005,0.0504
Iceland,p0p50,2006,0.0496
Iceland,p0p50,2007,0.0469
Iceland,p0p50,2008,0.0478
Iceland,p0p50,2009,0.0512
Iceland,p0p50,2010,0.0518
Iceland,p0p50,2011,0.0518
Iceland,p0p50,2012,0.0517
Iceland,p0p50,2013,0.0516
Iceland,p0p50,2014,0.0516
Iceland,p0p50,2015,0.0511
Iceland,p0p50,2016,0.0511
Iceland,p0p50,2017,0.0511
Iceland,p0p50,2018,0.0511
Iceland,p0p50,2019,0.0511
Iceland,p0p50,2020,0.0511
Iceland,p0p50,2021,0.0504
Iceland,p99p100,1995,0.2211
Iceland,p99p100,1996,0.2211
Iceland,p99p100,1997,0.2213
Iceland,p99p100,1998,0.2214
Iceland,p99p100,1999,0.2217
Iceland,p99p100,2000,0.2216
Iceland,p99p100,2001,0.2243
Iceland,p99p100,2002,0.2255
Iceland,p99p100,2003,0.2244
Iceland,p99p100,2004,0.2217
Iceland,p99p100,2005,0.2369
Iceland,p99p100,2006,0.2469
Iceland,p99p100,2007,0.281
Iceland,p99p100,2008,0.2777
Iceland,p99p100,2009,0.228
Iceland,p99p100,2010,0.2192
Iceland,p99p100,2011,0.2193
Iceland,p99p100,2012,0.2194
Iceland,p99p100,2013,0.2204
Iceland,p99p100,2014,0.2203
Iceland,p99p100,2015,0.2278
Iceland,p99p100,2016,0.229
Iceland,p99p100,2017,0.2286
Iceland,p99p100,2018,0.2282
Iceland,p99p100,2019,0.2281
Iceland,p99p100,2020,0.2288
Iceland,p99p100,2021,0.2382
Ireland,p90p100,1995,0.6888
Ireland,p90p100,1996,0.6872
Ireland,p90p100,1997,0.6883
Ireland,p90p100,1998,0.693
Ireland,p90p100,1999,0.6935
Ireland,p90p100,2000,0.6972
Ireland,p90p100,2001,0.6938
Ireland,p90p100,2002,0.6951
Ireland,p90p100,2003,0.6969
Ireland,p90p100,2004,0.6969
Ireland,p90p100,2005,0.6993
Ireland,p90p100,2006,0.7014
Ireland,p90p100,2007,0.7
Ireland,p90p100,2008,0.6963
Ireland,p90p100,2009,0.6924
Ireland,p90p100,2010,0.6957
Ireland,p90p100,2011,0.698
Ireland,p90p100,2012,0.6966
Ireland,p90p100,2013,0.699
Ireland,p90p100,2014,0.7216
Ireland,p90p100,2015,0.7134
Ireland,p90p100,2016,0.6898
Ireland,p90p100,2017,0.6813
Ireland,p90p100,2018,0.6634
Ireland,p90p100,2019,0.6625
Ireland,p90p100,2020,0.6585
Ireland,p90p100,2021,0.6602
Ireland,p0p50,1995,-0.0251
Ireland,p0p50,1996,-0.0248
Ireland,p0p50,1997,-0.0252
Ireland,p0p50,1998,-0.0257
Ireland,p0p50,1999,-0.0254
Ireland,p0p50,2000,-0.0259
Ireland,p0p50,2001,-0.0256
Ireland,p0p50,2002,-0.0258
Ireland,p0p50,2003,-0.0261
Ireland,p0p50,2004,-0.0261
Ireland,p0p50,2005,-0.0263
Ireland,p0p50,2006,-0.0264
Ireland,p0p50,2007,-0.026
Ireland,p0p50,2008,-0.0248
Ireland,p0p50,2009,-0.0251
Ireland,p0p50,2010,-0.0248
Ireland,p0p50,2011,-0.0247
Ireland,p0p50,2012,-0.0242
Ireland,p0p50,2013,-0.0245
Ireland,p0p50,2014,-0.0528
Ireland,p0p50,2015,-0.0472
Ireland,p0p50,2016,-0.0526
Ireland,p0p50,2017,-0.0482
Ireland,p0p50,2018,-0.0335
Ireland,p0p50,2019,-0.0336
Ireland,p0p50,2020,-0.034
Ireland,p0p50,2021,-0.0338
Ireland,p99p100,1995,0.2389
Ireland,p99p100,1996,0.2379
Ireland,p99p100,1997,0.2375
Ireland,p99p100,1998,0.2418
Ireland,p99p100,1999,0.245
Ireland,p99p100,2000,0.2483
Ireland,p99p100,2001,0.244
Ireland,p99p100,2002,0.245
Ireland,p99p100,2003,0.2463
Ireland,p99p100,2004,0.2461
Ireland,p99p100,2005,0.249
Ireland,p99p100,2006,0.2522
Ireland,p99p100,2007,0.2523
Ireland,p99p100,2008,0.2549
Ireland,p99p100,2009,0.2454
Ireland,p99p100,2010,0.2542
Ireland,p99p100,2011,0.2591
Ireland,p99p100,2012,0.26
Ireland,p99p100,2013,0.2624
Ireland,p99p100,2014,0.2703
Ireland,p99p100,2015,0.2677
Ireland,p99p100,2016,0.2514
Ireland,p99p100,2017,0.2461
Ireland,p99p100,2018,0.2379
Ireland,p99p100,2019,0.2358
Ireland,p99p100,2020,0.2267
Ireland,p99p100,2021,0.2305
Israel,p90p100,1995,0.6168
Israel,p90p100,1996,0.6203
Israel,p90p100,1997,0.6179
Israel,p90p100,1998,0.6243
Israel,p90p100,1999,0.6322
Israel,p90p100,2000,0.6285
Israel,p90p100,2001,0.6407
Israel,p90p100,2002,0.6394
Israel,p90p100,2003,0.6428
Israel,p90p100,2004,0.6536
Israel,p90p100,2005,0.6599
Israel,p90p100,2006,0.6615
Israel,p90p100,2007,0.6637
Israel,p90p100,2008,0.6733
Israel,p90p100,2009,0.6664
Israel,p90p100,2010,0.6802
Israel,p90p100,2011,0.6787
Israel,p90p100,2012,0.6657
Israel,p90p100,2013,0.6491
Israel,p90p100,2014,0.6395
Israel,p90p100,2015,0.6379
Israel,p90p100,2016,0.6303
Israel,p90p100,2017,0.6315
Israel,p90p100,2018,0.6314
Israel,p90p100,2019,0.6314
Israel,p90p100,2020,0.6258
Israel,p90p100,2021,0.6339
Israel,p0p50,1995,0.043
Israel,p0p50,1996,0.0425
Israel,p0p50,1997,0.0424
Israel,p0p50,1998,0.0416
Israel,p0p50,1999,0.0406
Israel,p0p50,2000,0.0407
Israel,p0p50,2001,0.039
Israel,p0p50,2002,0.0387
Israel,p0p50,2003,0.0377
Israel,p0p50,2004,0.0361
Israel,p0p50,2005,0.0351
Israel,p0p50,2006,0.0352
Israel,p0p50,2007,0.0353
Israel,p0p50,2008,0.0336
Israel,p0p50,2009,0.0334
Israel,p0p50,2010,0.0307
Israel,p0p50,2011,0.0326
Israel,p0p50,2012,0.0351
Israel,p0p50,2013,0.0386
Israel,p0p50,2014,0.0405
Israel,p0p50,2015,0.0409
Israel,p0p50,2016,0.0419
Israel,p0p50,2017,0.0417
Israel,p0p50,2018,0.0417
Israel,p0p50,2019,0.0417
Israel,p0p50,2020,0.0424
Israel,p0p50,2021,0.0415
Israel,p99p100,1995,0.2842
Israel,p99p100,1996,0.2898
Israel,p99p100,1997,0.2824
Israel,p99p100,1998,0.2933
Israel,p99p100,1999,0.3067
Israel,p99p100,2000,0.2974
Israel,p99p100,2001,0.3173
Israel,p99p100,2002,0.3111
Israel,p99p100,2003,0.3131
Israel,p99p100,2004,0.331
Israel,p99p100,2005,0.3405
Israel,p99p100,2006,0.3457
Israel,p99p100,2007,0.3523
Israel,p99p100,2008,0.3661
Israel,p99p100,2009,0.3468
Israel,p99p100,2010,0.3656
Israel,p99p100,2011,0.3736
Israel,p99p100,2012,0.3559
Israel,p99p100,2013,0.3378
Israel,p99p100,2014,0.3279
Israel,p99p100,2015,0.3267
Israel,p99p100,2016,0.3146
Israel,p99p100,2017,0.3168
Israel,p99p100,2018,0.3165
Israel,p99p100,2019,0.3165
Israel,p99p100,2020,0.3061
Israel,p99p100,2021,0.3211
Italy,p90p100,1995,0.4472
Italy,p90p100,1996,0.4549
Italy,p90p100,1997,0.4624
Italy,p90p100,1998,0.4707
Italy,p90p100,1999,0.4697
Italy,p90p100,2000,0.4714
Italy,p90p100,2001,0.5272
Italy,p90p100,2002,0.5833
Italy,p90p100,2003,0.5895
Italy,p90p100,2004,0.5973
Italy,p90p100,2005,0.5746
Italy,p90p100,2006,0.5546
Italy,p90p100,2007,0.5497
Italy,p90p100,2008,0.5461
Italy,p90p100,2009,0.5565
Italy,p90p100,2010,0.5735
Italy,p90p100,2011,0.5808
Italy,p90p100,2012,0.5948
Italy,p90p100,2013,0.5836
Italy,p90p100,2014,0.5854
Italy,p90p100,2015,0.5655
Italy,p90p100,2016,0.5608
Italy,p90p100,2017,0.5621
Italy,p90p100,2018,0.562
Italy,p90p100,2019,0.5619
Italy,p90p100,2020,0.5619
Italy,p90p100,2021,0.5619
Italy,p0p50,1995,0.1022
Italy,p0p50,1996,0.0994
Italy,p0p50,1997,0.0967
Italy,p0p50,1998,0.0939
Italy,p0p50,1999,0.0903
Italy,p0p50,2000,0.0862
Italy,p0p50,2001,0.0748
Italy,p0p50,2002,0.0629
Italy,p0p50,2003,0.0667
Italy,p0p50,2004,0.0703
Italy,p0p50,2005,0.0642
Italy,p0p50,2006,0.0575
Italy,p0p50,2007,0.0514
Italy,p0p50,2008,0.0451
Italy,p0p50,2009,0.0377
Italy,p0p50,2010,0.0296
Italy,p0p50,2011,0.0233
Italy,p0p50,2012,0.0164
Italy,p0p50,2013,0.021
Italy,p0p50,2014,0.0247
Italy,p0p50,2015,0.0256
Italy,p0p50,2016,0.0254
Italy,p0p50,2017,0.0253
Italy,p0p50,2018,0.0253
Italy,p0p50,2019,0.0253
Italy,p0p50,2020,0.0253
Italy,p0p50,2021,0.0253
Italy,p99p100,1995,0.1637
Italy,p99p100,1996,0.1657
Italy,p99p100,1997,0.1677
Italy,p99p100,1998,0.1708
Italy,p99p100,1999,0.1763
Italy,p99p100,2000,0.1854
Italy,p99p100,2001,0.201
Italy,p99p100,2002,0.2134
Italy,p99p100,2003,0.2089
Italy,p99p100,2004,0.2069
Italy,p99p100,2005,0.2123
Italy,p99p100,2006,0.2183
Italy,p99p100,2007,0.2109
Italy,p99p100,2008,0.2061
Italy,p99p100,2009,0.2076
Italy,p99p100,2010,0.2197
Italy,p99p100,2011,0.2212
Italy,p99p100,2012,0.2355
Italy,p99p100,2013,0.234
Italy,p99p100,2014,0.2551
Italy,p99p100,2015,0.2247
Italy,p99p100,2016,0.22
Italy,p99p100,2017,0.2211
Italy,p99p100,2018,0.221
Italy,p99p100,2019,0.2209
Italy,p99p100,2020,0.2209
Italy,p99p100,2021,0.2209
Japan,p90p100,1995,0.5717
Japan,p90p100,1996,0.5733
Japan,p90p100,1997,0.5727
Japan,p90p100,1998,0.5738
Japan,p90p100,1999,0.5748
Japan,p90p100,2000,0.5769
Japan,p90p100,2001,0.5792
Japan,p90p100,2002,0.5819
Japan,p90p100,2003,0.5848
Japan,p90p100,2004,0.5881
Japan,p90p100,2005,0.5887
Japan,p90p100,2006,0.5893
Japan,p90p100,2007,0.5898
Japan,p90p100,2008,0.588
Japan,p90p100,2009,0.5842
Japan,p90p100,2010,0.5857
Japan,p90p100,2011,0.5855
Japan,p90p100,2012,0.5856
Japan,p90p100,2013,0.5862
Japan,p90p100,2014,0.586
Japan,p90p100,2015,0.5862
Japan,p90p100,2016,0.5862
Japan,p90p100,2017,0.586
Japan,p90p100,2018,0.586
Japan,p90p100,2019,0.5861
Japan,p90p100,2020,0.5861
Japan,p90p100,2021,0.5861
Japan,p0p50,1995,0.0497
Japan,p0p50,1996,0.0495
Japan,p0p50,1997,0.0495
Japan,p0p50,1998,0.0494
Japan,p0p50,1999,0.0493
Japan,p0p50,2000,0.049
Japan,p0p50,2001,0.0487
Japan,p0p50,2002,0.0483
Japan,p0p50,2003,0.0479
Japan,p0p50,2004,0.0475
Japan,p0p50,2005,0.0474
Japan,p0p50,2006,0.0473
Japan,p0p50,2007,0.0472
Japan,p0p50,2008,0.0475
Japan,p0p50,2009,0.048
Japan,p0p50,2010,0.0478
Japan,p0p50,2011,0.0478
Japan,p0p50,2012,0.0478
Japan,p0p50,2013,0.0477
Japan,p0p50,2014,0.0478
Japan,p0p50,2015,0.0477
Japan,p0p50,2016,0.0477
Japan,p0p50,2017,0.0478
Japan,p0p50,2018,0.0478
Japan,p0p50,2019,0.0477
Japan,p0p50,2020,0.0477
Japan,p0p50,2021,0.0477
Japan,p99p100,1995,0.2336
Japan,p99p100,1996,0.2352
Japan,p99p100,1997,0.2346
Japan,p99p100,1998,0.2357
Japan,p99p100,1999,0.2367
Japan,p99p100,2000,0.239
Japan,p99p100,2001,0.241
Japan,p99p100,2002,0.2437
Japan,p99p100,2003,0.2467
Japan,p99p100,2004,0.2501
Japan,p99p100,2005,0.2507
Japan,p99p100,2006,0.2514
Japan,p99p100,2007,0.2519
Japan,p99p100,2008,0.25
Japan,p99p100,2009,0.2461
Japan,p99p100,2010,0.2476
Japan,p99p100,2011,0.2474
Japan,p99p100,2012,0.2475
Japan,p99p100,2013,0.2481
Japan,p99p100,2014,0.2479
Japan,p99p100,2015,0.2481
Japan,p99p100,2016,0.2481
Japan,p99p100,2017,0.2479
Japan,p99p100,2018,0.248
Japan,p99p100,2019,0.248
Japan,p99p100,2020,0.248
Japan,p99p100,2021,0.248
Korea,p90p100,1995,0.5694
Korea,p90p100,1996,0.574
Korea,p90p100,1997,0.5732
Korea,p90p100,1998,0.5671
Korea,p90p100,1999,0.5701
Korea,p90p100,2000,0.5723
Korea,p90p100,2001,0.574
Korea,p90p100,2002,0.5756
Korea,p90p100,2003,0.5767
Korea,p90p100,2004,0.5774
Korea,p90p100,2005,0.5749
Korea,p90p100,2006,0.5862
Korea,p90p100,2007,0.5881
Korea,p90p100,2008,0.5894
Korea,p90p100,2009,0.5883
Korea,p90p100,2010,0.5899
Korea,p90p100,2011,0.5906
Korea,p90p100,2012,0.5897
Korea,p90p100,2013,0.59
Korea,p90p100,2014,0.5902
Korea,p90p100,2015,0.5925
Korea,p90p100,2016,0.5927
Korea,p90p100,2017,0.5938
Korea,p90p100,2018,0.5955
Korea,p90p100,2019,0.5931
Korea,p90p100,2020,0.5906
Korea,p90p100,2021,0.593
Korea,p0p50,1995,0.05
Korea,p0p50,1996,0.0494
Korea,p0p50,1997,0.0495
Korea,p0p50,1998,0.0503
Korea,p0p50,1999,0.0499
Korea,p0p50,2000,0.0496
Korea,p0p50,2001,0.0494
Korea,p0p50,2002,0.0492
Korea,p0p50,2003,0.049
Korea,p0p50,2004,0.0489
Korea,p0p50,2005,0.0493
Korea,p0p50,2006,0.0477
Korea,p0p50,2007,0.0475
Korea,p0p50,2008,0.0473
Korea,p0p50,2009,0.0474
Korea,p0p50,2010,0.0472
Korea,p0p50,2011,0.0471
Korea,p0p50,2012,0.0472
Korea,p0p50,2013,0.0472
Korea,p0p50,2014,0.0472
Korea,p0p50,2015,0.0469
Korea,p0p50,2016,0.0468
Korea,p0p50,2017,0.0467
Korea,p0p50,2018,0.0465
Korea,p0p50,2019,0.0468
Korea,p0p50,2020,0.0471
Korea,p0p50,2021,0.0468
Korea,p99p100,1995,0.2355
Korea,p99p100,1996,0.2392
Korea,p99p100,1997,0.2364
Korea,p99p100,1998,0.2293
Korea,p99p100,1999,0.2321
Korea,p99p100,2000,0.2342
Korea,p99p100,2001,0.2359
Korea,p99p100,2002,0.2374
Korea,p99p100,2003,0.2385
Korea,p99p100,2004,0.2392
Korea,p99p100,2005,0.2367
Korea,p99p100,2006,0.2482
Korea,p99p100,2007,0.2501
Korea,p99p100,2008,0.2514
Korea,p99p100,2009,0.2504
Korea,p99p100,2010,0.252
Korea,p99p100,2011,0.2529
Korea,p99p100,2012,0.2524
Korea,p99p100,2013,0.2532
Korea,p99p100,2014,0.2534
Korea,p99p100,2015,0.2568
Korea,p99p100,2016,0.2565
Korea,p99p100,2017,0.2584
Korea,p99p100,2018,0.2617
Korea,p99p100,2019,0.2572
Korea,p99p100,2020,0.2527
Korea,p99p100,2021,0.257
Latvia,p90p100,1995,0.6468
Latvia,p90p100,1996,0.6472
Latvia,p90p100,1997,0.6496
Latvia,p90p100,1998,0.6487
Latvia,p90p100,1999,0.6472
Latvia,p90p100,2000,0.6526
Latvia,p90p100,2001,0.6527
Latvia,p90p100,2002,0.6544
Latvia,p90p100,2003,0.656
Latvia,p90p100,2004,0.6545
Latvia,p90p100,2005,0.6589
Latvia,p90p100,2006,0.6508
Latvia,p90p100,2007,0.6559
Latvia,p90p100,2008,0.6542
Latvia,p90p100,2009,0.6553
Latvia,p90p100,2010,0.6512
Latvia,p90p100,2011,0.6567
Latvia,p90p100,2012,0.6553
Latvia,p90p100,2013,0.6549
Latvia,p90p100,2014,0.653
Latvia,p90p100,2015,0.6426
Latvia,p90p100,2016,0.6251
Latvia,p90p100,2017,0.6098
Latvia,p90p100,2018,0.6048
Latvia,p90p100,2019,0.6057
Latvia,p90p100,2020,0.6057
Latvia,p90p100,2021,0.6057
Latvia,p0p50,1995,0.029
Latvia,p0p50,1996,0.029
Latvia,p0p50,1997,0.0287
Latvia,p0p50,1998,0.0288
Latvia,p0p50,1999,0.029
Latvia,p0p50,2000,0.0283
Latvia,p0p50,2001,0.0283
Latvia,p0p50,2002,0.0281
Latvia,p0p50,2003,0.0279
Latvia,p0p50,2004,0.028
Latvia,p0p50,2005,0.0275
Latvia,p0p50,2006,0.0285
Latvia,p0p50,2007,0.0279
Latvia,p0p50,2008,0.0281
Latvia,p0p50,2009,0.0279
Latvia,p0p50,2010,0.0285
Latvia,p0p50,2011,0.0278
Latvia,p0p50,2012,0.0279
Latvia,p0p50,2013,0.028
Latvia,p0p50,2014,0.0282
Latvia,p0p50,2015,0.0387
Latvia,p0p50,2016,0.0491
Latvia,p0p50,2017,0.0588
Latvia,p0p50,2018,0.0595
Latvia,p0p50,2019,0.0594
Latvia,p0p50,2020,0.0594
Latvia,p0p50,2021,0.0594
Latvia,p99p100,1995,0.2556
Latvia,p99p100,1996,0.2559
Latvia,p99p100,1997,0.258
Latvia,p99p100,1998,0.2572
Latvia,p99p100,1999,0.2559
Latvia,p99p100,2000,0.2608
Latvia,p99p100,2001,0.2608
Latvia,p99p100,2002,0.2624
Latvia,p99p100,2003,0.2638
Latvia,p99p100,2004,0.2624
Latvia,p99p100,2005,0.2666
Latvia,p99p100,2006,0.2591
Latvia,p99p100,2007,0.2638
Latvia,p99p100,2008,0.2622
Latvia,p99p100,2009,0.2631
Latvia,p99p100,2010,0.2594
Latvia,p99p100,2011,0.2644
Latvia,p99p100,2012,0.2632
Latvia,p99p100,2013,0.2628
Latvia,p99p100,2014,0.261
Latvia,p99p100,2015,0.2787
Latvia,p99p100,2016,0.2841
Latvia,p99p100,2017,0.2896
Latvia,p99p100,2018,0.2845
Latvia,p99p100,2019,0.2853
Latvia,p99p100,2020,0.2854
Latvia,p99p100,2021,0.2854
Lithuania,p90p100,1995,0.563
Lithuania,p90p100,1996,0.5621
Lithuania,p90p100,1997,0.5605
Lithuania,p90p100,1998,0.5594
Lithuania,p90p100,1999,0.5592
Lithuania,p90p100,2000,0.5606
Lithuania,p90p100,2001,0.5618
Lithuania,p90p100,2002,0.5603
Lithuania,p90p100,2003,0.5624
Lithuania,p90p100,2004,0.567
Lithuania,p90p100,2005,0.5679
Lithuania,p90p100,2006,0.563
Lithuania,p90p100,2007,0.5704
Lithuania,p90p100,2008,0.571
Lithuania,p90p100,2009,0.5713
Lithuania,p90p100,2010,0.5653
Lithuania,p90p100,2011,0.5653
Lithuania,p90p100,2012,0.5718
Lithuania,p90p100,2013,0.5721
Lithuania,p90p100,2014,0.5821
Lithuania,p90p100,2015,0.574
Lithuania,p90p100,2016,0.5708
Lithuania,p90p100,2017,0.5731
Lithuania,p90p100,2018,0.5545
Lithuania,p90p100,2019,0.5742
Lithuania,p90p100,2020,0.5743
Lithuania,p90p100,2021,0.5743
Lithuania,p0p50,1995,0.0508
Lithuania,p0p50,1996,0.0509
Lithuania,p0p50,1997,0.0511
Lithuania,p0p50,1998,0.0513
Lithuania,p0p50,1999,0.0513
Lithuania,p0p50,2000,0.0511
Lithuania,p0p50,2001,0.0509
Lithuania,p0p50,2002,0.0511
Lithuania,p0p50,2003,0.0509
Lithuania,p0p50,2004,0.0503
Lithuania,p0p50,2005,0.0502
Lithuania,p0p50,2006,0.0508
Lithuania,p0p50,2007,0.0498
Lithuania,p0p50,2008,0.0498
Lithuania,p0p50,2009,0.0497
Lithuania,p0p50,2010,0.0505
Lithuania,p0p50,2011,0.0505
Lithuania,p0p50,2012,0.0497
Lithuania,p0p50,2013,0.0496
Lithuania,p0p50,2014,0.0484
Lithuania,p0p50,2015,0.0494
Lithuania,p0p50,2016,0.0498
Lithuania,p0p50,2017,0.0495
Lithuania,p0p50,2018,0.1018
Lithuania,p0p50,2019,0.0493
Lithuania,p0p50,2020,0.0493
Lithuania,p0p50,2021,0.0493
Lithuania,p99p100,1995,0.2256
Lithuania,p99p100,1996,0.2247
Lithuania,p99p100,1997,0.2234
Lithuania,p99p100,1998,0.2224
Lithuania,p99p100,1999,0.2223
Lithuania,p99p100,2000,0.2234
Lithuania,p99p100,2001,0.2245
Lithuania,p99p100,2002,0.2232
Lithuania,p99p100,2003,0.225
Lithuania,p99p100,2004,0.2292
Lithuania,p99p100,2005,0.23
Lithuania,p99p100,2006,0.2256
Lithuania,p99p100,2007,0.2324
Lithuania,p99p100,2008,0.233
Lithuania,p99p100,2009,0.2332
Lithuania,p99p100,2010,0.2276
Lithuania,p99p100,2011,0.2277
Lithuania,p99p100,2012,0.2337
Lithuania,p99p100,2013,0.234
Lithuania,p99p100,2014,0.2468
Lithuania,p99p100,2015,0.2386
Lithuania,p99p100,2016,0.2327
Lithuania,p99p100,2017,0.235
Lithuania,p99p100,2018,0.2607
Lithuania,p99p100,2019,0.2361
Lithuania,p99p100,2020,0.2361
Lithuania,p99p100,2021,0.2361
Luxembourg,p90p100,1995,0.613
Luxembourg,p90p100,1996,0.6145
Luxembourg,p90p100,1997,0.6148
Luxembourg,p90p100,1998,0.6161
Luxembourg,p90p100,1999,0.6159
Luxembourg,p90p100,2000,0.6138
Luxembourg,p90p100,2001,0.6155
Luxembourg,p90p100,2002,0.6121
Luxembourg,p90p100,2003,0.611
Luxembourg,p90p100,2004,0.6165
Luxembourg,p90p100,2005,0.6191
Luxembourg,p90p100,2006,0.6106
Luxembourg,p90p100,2007,0.6182
Luxembourg,p90p100,2008,0.616
Luxembourg,p90p100,2009,0.605
Luxembourg,p90p100,2010,0.6122
Luxembourg,p90p100,2011,0.6232
Luxembourg,p90p100,2012,0.6367
Luxembourg,p90p100,2013,0.6412
Luxembourg,p90p100,2014,0.6479
Luxembourg,p90p100,2015,0.6329
Luxembourg,p90p100,2016,0.6158
Luxembourg,p90p100,2017,0.6086
Luxembourg,p90p100,2018,0.5929
Luxembourg,p90p100,2019,0.5934
Luxembourg,p90p100,2020,0.5934
Luxembourg,p90p100,2021,0.5934
Luxembourg,p0p50,1995,0.0424
Luxembourg,p0p50,1996,0.0422
Luxembourg,p0p50,1997,0.0421
Luxembourg,p0p50,1998,0.0419
Luxembourg,p0p50,1999,0.042
Luxembourg,p0p50,2000,0.0422
Luxembourg,p0p50,2001,0.042
Luxembourg,p0p50,2002,0.0425
Luxembourg,p0p50,2003,0.0426
Luxembourg,p0p50,2004,0.0419
Luxembourg,p0p50,2005,0.0415
Luxembourg,p0p50,2006,0.0427
Luxembourg,p0p50,2007,0.0417
Luxembourg,p0p50,2008,0.042
Luxembourg,p0p50,2009,0.0434
Luxembourg,p0p50,2010,0.0425
Luxembourg,p0p50,2011,0.0374
Luxembourg,p0p50,2012,0.0295
Luxembourg,p0p50,2013,0.0312
Luxembourg,p0p50,2014,0.0294
Luxembourg,p0p50,2015,0.0346
Luxembourg,p0p50,2016,0.0398
Luxembourg,p0p50,2017,0.0404
Luxembourg,p0p50,2018,0.0435
Luxembourg,p0p50,2019,0.0434
Luxembourg,p0p50,2020,0.0434
Luxembourg,p0p50,2021,0.0434
Luxembourg,p99p100,1995,0.2519
Luxembourg,p99p100,1996,0.2533
Luxembourg,p99p100,1997,0.2536
Luxembourg,p99p100,1998,0.2548
Luxembourg,p99p100,1999,0.2546
Luxembourg,p99p100,2000,0.2527
Luxembourg,p99p100,2001,0.2542
Luxembourg,p99p100,2002,0.2511
Luxembourg,p99p100,2003,0.2501
Luxembourg,p99p100,2004,0.2551
Luxembourg,p99p100,2005,0.2576
Luxembourg,p99p100,2006,0.2498
Luxembourg,p99p100,2007,0.2568
Luxembourg,p99p100,2008,0.2547
Luxembourg,p99p100,2009,0.2448
Luxembourg,p99p100,2010,0.2512
Luxembourg,p99p100,2011,0.271
Luxembourg,p99p100,2012,0.2862
Luxembourg,p99p100,2013,0.2968
Luxembourg,p99p100,2014,0.3073
Luxembourg,p99p100,2015,0.3039
Luxembourg,p99p100,2016,0.297
Luxembourg,p99p100,2017,0.2982
Luxembourg,p99p100,2018,0.2873
Luxembourg,p99p100,2019,0.2878
Luxembourg,p99p100,2020,0.2878
Luxembourg,p99p100,2021,0.2878
Mexico,p90p100,1995,0.7161
Mexico,p90p100,1996,0.7191
Mexico,p90p100,1997,0.7146
Mexico,p90p100,1998,0.7169
Mexico,p90p100,1999,0.7172
Mexico,p90p100,2000,0.7161
Mexico,p90p100,2001,0.7177
Mexico,p90p100,2002,0.7175
Mexico,p90p100,2003,0.726
Mexico,p90p100,2004,0.7495
Mexico,p90p100,2005,0.7544
Mexico,p90p100,2006,0.7683
Mexico,p90p100,2007,0.7883
Mexico,p90p100,2008,0.8017
Mexico,p90p100,2009,0.7925
Mexico,p90p100,2010,0.7934
Mexico,p90p100,2011,0.7998
Mexico,p90p100,2012,0.8058
Mexico,p90p100,2013,0.8034
Mexico,p90p100,2014,0.8031
Mexico,p90p100,2015,0.7982
Mexico,p90p100,2016,0.7907
Mexico,p90p100,2017,0.788
Mexico,p90p100,2018,0.7889
Mexico,p90p100,2019,0.7878
Mexico,p90p100,2020,0.7863
Mexico,p90p100,2021,0.7883
Mexico,p0p50,1995,0.019
Mexico,p0p50,1996,0.0187
Mexico,p0p50,1997,0.019
Mexico,p0p50,1998,0.0189
Mexico,p0p50,1999,0.0188
Mexico,p0p50,2000,0.0189
Mexico,p0p50,2001,0.0189
Mexico,p0p50,2002,0.0188
Mexico,p0p50,2003,0.0158
Mexico,p0p50,2004,0.0092
Mexico,p0p50,2005,0.0078
Mexico,p0p50,2006,0.0036
Mexico,p0p50,2007,-0.0021
Mexico,p0p50,2008,-0.0058
Mexico,p0p50,2009,-0.0048
Mexico,p0p50,2010,-0.0036
Mexico,p0p50,2011,-0.0047
Mexico,p0p50,2012,-0.0073
Mexico,p0p50,2013,-0.0061
Mexico,p0p50,2014,-0.0063
Mexico,p0p50,2015,-0.0049
Mexico,p0p50,2016,-0.0039
Mexico,p0p50,2017,-0.0027
Mexico,p0p50,2018,-0.0025
Mexico,p0p50,2019,-0.0026
Mexico,p0p50,2020,-0.0026
Mexico,p0p50,2021,-0.0026
Mexico,p99p100,1995,0.3931
Mexico,p99p100,1996,0.3995
Mexico,p99p100,1997,0.3898
Mexico,p99p100,1998,0.3947
Mexico,p99p100,1999,0.3952
Mexico,p99p100,2000,0.3927
Mexico,p99p100,2001,0.3966
Mexico,p99p100,2002,0.3957
Mexico,p99p100,2003,0.402
Mexico,p99p100,2004,0.4286
Mexico,p99p100,2005,0.4343
Mexico,p99p100,2006,0.4493
Mexico,p99p100,2007,0.473
Mexico,p99p100,2008,0.49
Mexico,p99p100,2009,0.4717
Mexico,p99p100,2010,0.4791
Mexico,p99p100,2011,0.49
Mexico,p99p100,2012,0.4939
Mexico,p99p100,2013,0.493
Mexico,p99p100,2014,0.4913
Mexico,p99p100,2015,0.4854
Mexico,p99p100,2016,0.4711
Mexico,p99p100,2017,0.4698
Mexico,p99p100,2018,0.4728
Mexico,p99p100,2019,0.4698
Mexico,p99p100,2020,0.4661
Mexico,p99p100,2021,0.4709
Netherlands,p90p100,1995,0.4953
Netherlands,p90p100,1996,0.5036
Netherlands,p90p100,1997,0.4986
Netherlands,p90p100,1998,0.5091
Netherlands,p90p100,1999,0.5037
Netherlands,p90p100,2000,0.5012
Netherlands,p90p100,2001,0.4995
Netherlands,p90p100,2002,0.5022
Netherlands,p90p100,2003,0.4911
Netherlands,p90p100,2004,0.4922
Netherlands,p90p100,2005,0.4937
Netherlands,p90p100,2006,0.5012
Netherlands,p90p100,2007,0.4967
Netherlands,p90p100,2008,0.4894
Netherlands,p90p100,2009,0.4877
Netherlands,p90p100,2010,0.5066
Netherlands,p90p100,2011,0.5052
Netherlands,p90p100,2012,0.5127
Netherlands,p90p100,2013,0.5453
Netherlands,p90p100,2014,0.5358
Netherlands,p90p100,2015,0.52
Netherlands,p90p100,2016,0.5077
Netherlands,p90p100,2017,0.5234
Netherlands,p90p100,2018,0.4944
Netherlands,p90p100,2019,0.4774
Netherlands,p90p100,2020,0.4769
Netherlands,p90p100,2021,0.4788
Netherlands,p0p50,1995,0.0663
Netherlands,p0p50,1996,0.0659
Netherlands,p0p50,1997,0.067
Netherlands,p0p50,1998,0.0563
Netherlands,p0p50,1999,0.0574
Netherlands,p0p50,2000,0.0544
Netherlands,p0p50,2001,0.062
Netherlands,p0p50,2002,0.069
Netherlands,p0p50,2003,0.0674
Netherlands,p0p50,2004,0.0659
Netherlands,p0p50,2005,0.0651
Netherlands,p0p50,2006,0.061
Netherlands,p0p50,2007,0.0622
Netherlands,p0p50,2008,0.0657
Netherlands,p0p50,2009,0.0644
Netherlands,p0p50,2010,0.0581
Netherlands,p0p50,2011,0.0596
Netherlands,p0p50,2012,0.0524
Netherlands,p0p50,2013,0.0344
Netherlands,p0p50,2014,0.0411
Netherlands,p0p50,2015,0.0543
Netherlands,p0p50,2016,0.0648
Netherlands,p0p50,2017,0.0689
Netherlands,p0p50,2018,0.0812
Netherlands,p0p50,2019,0.0898
Netherlands,p0p50,2020,0.0899
Netherlands,p0p50,2021,0.0895
Netherlands,p99p100,1995,0.1457
Netherlands,p99p100,1996,0.158
Netherlands,p99p100,1997,0.1526
Netherlands,p99p100,1998,0.1583
Netherlands,p99p100,1999,0.1568
Netherlands,p99p100,2000,0.1539
Netherlands,p99p100,2001,0.1683
Netherlands,p99p100,2002,0.1895
Netherlands,p99p100,2003,0.1778
Netherlands,p99p100,2004,0.1785
Netherlands,p99p100,2005,0.1799
Netherlands,p99p100,2006,0.1705
Netherlands,p99p100,2007,0.1663
Netherlands,p99p100,2008,0.1588
Netherlands,p99p100,2009,0.1548
Netherlands,p99p100,2010,0.1691
Netherlands,p99p100,2011,0.1739
Netherlands,p99p100,2012,0.1746
Netherlands,p99p100,2013,0.1998
Netherlands,p99p100,2014,0.1935
Netherlands,p99p100,2015,0.1876
Netherlands,p99p100,2016,0.1782
Netherlands,p99p100,2017,0.1687
Netherlands,p99p100,2018,0.1758
Netherlands,p99p100,2019,0.162
Netherlands,p99p100,2020,0.1613
Netherlands,p99p100,2021,0.1643
New Zealand,p90p100,1995,0.5635
New Zealand,p90p100,1996,0.5612
New Zealand,p90p100,1997,0.5634
New Zealand,p90p100,1998,0.568
New Zealand,p90p100,1999,0.5688
New Zealand,p90p100,2000,0.562
New Zealand,p90p100,2001,0.564
New Zealand,p90p100,2002,0.564
New Zealand,p90p100,2003,0.5652
New Zealand,p90p100,2004,0.5653
New Zealand,p90p100,2005,0.5616
New Zealand,p90p100,2006,0.5576
New Zealand,p90p100,2007,0.5582
New Zealand,p90p100,2008,0.5598
New Zealand,p90p100,2009,0.5599
New Zealand,p90p100,2010,0.5617
New Zealand,p90p100,2011,0.5649
New Zealand,p90p100,2012,0.5689
New Zealand,p90p100,2013,0.5644
New Zealand,p90p100,2014,0.5645
New Zealand,p90p100,2015,0.5648
New Zealand,p90p100,2016,0.5635
New Zealand,p90p100,2017,0.5661
New Zealand,p90p100,2018,0.5666
New Zealand,p90p100,2019,0.5662
New Zealand,p90p100,2020,0.5665
New Zealand,p90p100,2021,0.5659
New Zealand,p0p50,1995,0.0507
New Zealand,p0p50,1996,0.051
New Zealand,p0p50,1997,0.0507
New Zealand,p0p50,1998,0.0501
New Zealand,p0p50,1999,0.05
New Zealand,p0p50,2000,0.0509
New Zealand,p0p50,2001,0.0507
New Zealand,p0p50,2002,0.0507
New Zealand,p0p50,2003,0.0505
New Zealand,p0p50,2004,0.0505
New Zealand,p0p50,2005,0.051
New Zealand,p0p50,2006,0.0515
New Zealand,p0p50,2007,0.0514
New Zealand,p0p50,2008,0.0513
New Zealand,p0p50,2009,0.0512
New Zealand,p0p50,2010,0.051
New Zealand,p0p50,2011,0.0506
New Zealand,p0p50,2012,0.0501
New Zealand,p0p50,2013,0.0506
New Zealand,p0p50,2014,0.0506
New Zealand,p0p50,2015,0.0506
New Zealand,p0p50,2016,0.0507
New Zealand,p0p50,2017,0.0504
New Zealand,p0p50,2018,0.0503
New Zealand,p0p50,2019,0.0504
New Zealand,p0p50,2020,0.0503
New Zealand,p0p50,2021,0.0504
New Zealand,p99p100,1995,0.226
New Zealand,p99p100,1996,0.224
New Zealand,p99p100,1997,0.2259
New Zealand,p99p100,1998,0.2301
New Zealand,p99p100,1999,0.2309
New Zealand,p99p100,2000,0.2247
New Zealand,p99p100,2001,0.2265
New Zealand,p99p100,2002,0.2265
New Zealand,p99p100,2003,0.2275
New Zealand,p99p100,2004,0.2277
New Zealand,p99p100,2005,0.2244
New Zealand,p99p100,2006,0.2209
New Zealand,p99p100,2007,0.2221
New Zealand,p99p100,2008,0.2253
New Zealand,p99p100,2009,0.2236
New Zealand,p99p100,2010,0.2271
New Zealand,p99p100,2011,0.2306
New Zealand,p99p100,2012,0.2342
New Zealand,p99p100,2013,0.2286
New Zealand,p99p100,2014,0.2285
New Zealand,p99p100,2015,0.2283
New Zealand,p99p100,2016,0.2262
New Zealand,p99p100,2017,0.229
New Zealand,p99p100,2018,0.2294
New Zealand,p99p100,2019,0.2287
New Zealand,p99p100,2020,0.2292
New Zealand,p99p100,2021,0.2282
Norway,p90p100,1995,0.5065
Norway,p90p100,1996,0.5072
Norway,p90p100,1997,0.5082
Norway,p90p100,1998,0.5066
Norway,p90p100,1999,0.5069
Norway,p90p100,2000,0.5121
Norway,p90p100,2001,0.509
Norway,p90p100,2002,0.509
Norway,p90p100,2003,0.5101
Norway,p90p100,2004,0.5118
Norway,p90p100,2005,0.5136
Norway,p90p100,2006,0.5153
Norway,p90p100,2007,0.5144
Norway,p90p100,2008,0.5156
Norway,p90p100,2009,0.5091
Norway,p90p100,2010,0.5121
Norway,p90p100,2011,0.505
Norway,p90p100,2012,0.4879
Norway,p90p100,2013,0.4908
Norway,p90p100,2014,0.4844
Norway,p90p100,2015,0.4906
Norway,p90p100,2016,0.4918
Norway,p90p100,2017,0.5007
Norway,p90p100,2018,0.5114
Norway,p90p100,2019,0.5227
Norway,p90p100,2020,0.5221
Norway,p90p100,2021,0.5221
Norway,p0p50,1995,0.0238
Norway,p0p50,1996,0.0237
Norway,p0p50,1997,0.0236
Norway,p0p50,1998,0.0238
Norway,p0p50,1999,0.0237
Norway,p0p50,2000,0.0231
Norway,p0p50,2001,0.0235
Norway,p0p50,2002,0.0235
Norway,p0p50,2003,0.0233
Norway,p0p50,2004,0.0231
Norway,p0p50,2005,0.0229
Norway,p0p50,2006,0.0227
Norway,p0p50,2007,0.0228
Norway,p0p50,2008,0.0227
Norway,p0p50,2009,0.0235
Norway,p0p50,2010,0.0231
Norway,p0p50,2011,0.0261
Norway,p0p50,2012,0.0429
Norway,p0p50,2013,0.0371
Norway,p0p50,2014,0.0374
Norway,p0p50,2015,0.0426
Norway,p0p50,2016,0.0445
Norway,p0p50,2017,0.0451
Norway,p0p50,2018,0.0408
Norway,p0p50,2019,0.0362
Norway,p0p50,2020,0.0362
Norway,p0p50,2021,0.0362
Norway,p99p100,1995,0.2368
Norway,p99p100,1996,0.2374
Norway,p99p100,1997,0.2383
Norway,p99p100,1998,0.2369
Norway,p99p100,1999,0.2371
Norway,p99p100,2000,0.2419
Norway,p99p100,2001,0.2391
Norway,p99p100,2002,0.2391
Norway,p99p100,2003,0.24
Norway,p99p100,2004,0.2417
Norway,p99p100,2005,0.2434
Norway,p99p100,2006,0.2452
Norway,p99p100,2007,0.2443
Norway,p99p100,2008,0.2454
Norway,p99p100,2009,0.2392
Norway,p99p100,2010,0.242
Norway,p99p100,2011,0.2331
Norway,p99p100,2012,0.2198
Norway,p99p100,2013,0.2191
Norway,p99p100,2014,0.2074
Norway,p99p100,2015,0.2178
Norway,p99p100,2016,0.2178
Norway,p99p100,2017,0.2299
Norway,p99p100,2018,0.2431
Norway,p99p100,2019,0.2279
Norway,p99p100,2020,0.227
Norway,p99p100,2021,0.227
Poland,p90p100,1995,0.5982
Poland,p90p100,1996,0.598
Poland,p90p100,1997,0.5979
Poland,p90p100,1998,0.5999
Poland,p90p100,1999,0.5988
Poland,p90p100,2000,0.6017
Poland,p90p100,2001,0.6021
Poland,p90p100,2002,0.6042
Poland,p90p100,2003,0.6068
Poland,p90p100,2004,0.609
Poland,p90p100,2005,0.609
Poland,p90p100,2006,0.6111
Poland,p90p100,2007,0.6153
Poland,p90p100,2008,0.6169
Poland,p90p100,2009,0.6096
Poland,p90p100,2010,0.6113
Poland,p90p100,2011,0.6133
Poland,p90p100,2012,0.6122
Poland,p90p100,2013,0.6126
Poland,p90p100,2014,0.6155
Poland,p90p100,2015,0.6208
Poland,p90p100,2016,0.6161
Poland,p90p100,2017,0.6157
Poland,p90p100,2018,0.6166
Poland,p90p100,2019,0.6156
Poland,p90p100,2020,0.6155
Poland,p90p100,2021,0.6178
Poland,p0p50,1995,-0.0101
Poland,p0p50,1996,-0.0101
Poland,p0p50,1997,-0.0101
Poland,p0p50,1998,-0.0104
Poland,p0p50,1999,-0.0102
Poland,p0p50,2000,-0.0106
Poland,p0p50,2001,-0.0106
Poland,p0p50,2002,-0.0108
Poland,p0p50,2003,-0.0111
Poland,p0p50,2004,-0.0113
Poland,p0p50,2005,-0.0113
Poland,p0p50,2006,-0.0114
Poland,p0p50,2007,-0.0114
Poland,p0p50,2008,-0.0115
Poland,p0p50,2009,-0.0113
Poland,p0p50,2010,-0.0113
Poland,p0p50,2011,-0.0113
Poland,p0p50,2012,-0.0113
Poland,p0p50,2013,-0.0113
Poland,p0p50,2014,-0.0114
Poland,p0p50,2015,-0.0129
Poland,p0p50,2016,-0.0074
Poland,p0p50,2017,-0.0074
Poland,p0p50,2018,-0.0074
Poland,p0p50,2019,-0.0074
Poland,p0p50,2020,-0.0074
Poland,p0p50,2021,-0.0073
Poland,p99p100,1995,0.2371
Poland,p99p100,1996,0.2369
Poland,p99p100,1997,0.2368
Poland,p99p100,1998,0.2386
Poland,p99p100,1999,0.2377
Poland,p99p100,2000,0.2403
Poland,p99p100,2001,0.2406
Poland,p99p100,2002,0.2426
Poland,p99p100,2003,0.2451
Poland,p99p100,2004,0.2474
Poland,p99p100,2005,0.2473
Poland,p99p100,2006,0.2497
Poland,p99p100,2007,0.2573
Poland,p99p100,2008,0.2591
Poland,p99p100,2009,0.248
Poland,p99p100,2010,0.2509
Poland,p99p100,2011,0.2543
Poland,p99p100,2012,0.2524
Poland,p99p100,2013,0.2531
Poland,p99p100,2014,0.2573
Poland,p99p100,2015,0.2778
Poland,p99p100,2016,0.2987
Poland,p99p100,2017,0.2983
Poland,p99p100,2018,0.3
Poland,p99p100,2019,0.2982
Poland,p99p100,2020,0.2981
Poland,p99p100,2021,0.3022
Portugal,p90p100,1995,0.5881
Portugal,p90p100,1996,0.5869
Portugal,p90p100,1997,0.5886
Portugal,p90p100,1998,0.5895
Portugal,p90p100,1999,0.5895
Portugal,p90p100,2000,0.5883
Portugal,p90p100,2001,0.5912
Portugal,p90p100,2002,0.5888
Portugal,p90p100,2003,0.587
Portugal,p90p100,2004,0.5907
Portugal,p90p100,2005,0.5891
Portugal,p90p100,2006,0.5902
Portugal,p90p100,2007,0.5898
Portugal,p90p100,2008,0.5901
Portugal,p90p100,2009,0.5867
Portugal,p90p100,2010,0.5871
Portugal,p90p100,2011,0.5934
Portugal,p90p100,2012,0.5943
Portugal,p90p100,2013,0.5964
Portugal,p90p100,2014,0.5939
Portugal,p90p100,2015,0.5943
Portugal,p90p100,2016,0.5967
Portugal,p90p100,2017,0.6089
Portugal,p90p100,2018,0.6045
Portugal,p90p100,2019,0.606
Portugal,p90p100,2020,0.6058
Portugal,p90p100,2021,0.6069
Portugal,p0p50,1995,0.0453
Portugal,p0p50,1996,0.0454
Portugal,p0p50,1997,0.0452
Portugal,p0p50,1998,0.0452
Portugal,p0p50,1999,0.0451
Portugal,p0p50,2000,0.0453
Portugal,p0p50,2001,0.0449
Portugal,p0p50,2002,0.0452
Portugal,p0p50,2003,0.0454
Portugal,p0p50,2004,0.045
Portugal,p0p50,2005,0.0452
Portugal,p0p50,2006,0.045
Portugal,p0p50,2007,0.0451
Portugal,p0p50,2008,0.0451
Portugal,p0p50,2009,0.0455
Portugal,p0p50,2010,0.0454
Portugal,p0p50,2011,0.0334
Portugal,p0p50,2012,0.0275
Portugal,p0p50,2013,0.0223
Portugal,p0p50,2014,0.029
Portugal,p0p50,2015,0.033
Portugal,p0p50,2016,0.0356
Portugal,p0p50,2017,0.035
Portugal,p0p50,2018,0.0355
Portugal,p0p50,2019,0.0353
Portugal,p0p50,2020,0.0353
Portugal,p0p50,2021,0.0352
Portugal,p99p100,1995,0.2395
Portugal,p99p100,1996,0.2384
Portugal,p99p100,1997,0.2401
Portugal,p99p100,1998,0.2424
Portugal,p99p100,1999,0.2423
Portugal,p99p100,2000,0.2402
Portugal,p99p100,2001,0.2429
Portugal,p99p100,2002,0.2402
Portugal,p99p100,2003,0.2385
Portugal,p99p100,2004,0.2425
Portugal,p99p100,2005,0.2406
Portugal,p99p100,2006,0.2416
Portugal,p99p100,2007,0.2412
Portugal,p99p100,2008,0.2441
Portugal,p99p100,2009,0.2382
Portugal,p99p100,2010,0.2387
Portugal,p99p100,2011,0.2507
Portugal,p99p100,2012,0.2534
Portugal,p99p100,2013,0.2578
Portugal,p99p100,2014,0.2538
Portugal,p99p100,2015,0.2517
Portugal,p99p100,2016,0.2511
Portugal,p99p100,2017,0.2612
Portugal,p99p100,2018,0.2546
Portugal,p99p100,2019,0.2559
Portugal,p99p100,2020,0.2554
Portugal,p99p100,2021,0.2576
Slovakia,p90p100,1995,0.4201
Slovakia,p90p100,1996,0.4201
Slovakia,p90p100,1997,0.4201
Slovakia,p90p100,1998,0.4202
Slovakia,p90p100,1999,0.4202
Slovakia,p90p100,2000,0.4202
Slovakia,p90p100,2001,0.4204
Slovakia,p90p100,2002,0.4204
Slovakia,p90p100,2003,0.4204
Slovakia,p90p100,2004,0.422
Slovakia,p90p100,2005,0.421
Slovakia,p90p100,2006,0.4212
Slovakia,p90p100,2007,0.4208
Slovakia,p90p100,2008,0.4205
Slovakia,p90p100,2009,0.4204
Slovakia,p90p100,2010,0.4211
Slovakia,p90p100,2011,0.4259
Slovakia,p90p100,2012,0.4424
Slovakia,p90p100,2013,0.46
Slovakia,p90p100,2014,0.4743
Slovakia,p90p100,2015,0.485
Slovakia,p90p100,2016,0.4861
Slovakia,p90p100,2017,0.492
Slovakia,p90p100,2018,0.4942
Slovakia,p90p100,2019,0.4967
Slovakia,p90p100,2020,0.4967
Slovakia,p90p100,2021,0.4972
Slovakia,p0p50,1995,0.1333
Slovakia,p0p50,1996,0.1333
Slovakia,p0p50,1997,0.1333
Slovakia,p0p50,1998,0.1333
Slovakia,p0p50,1999,0.1333
Slovakia,p0p50,2000,0.1333
Slovakia,p0p50,2001,0.1332
Slovakia,p0p50,2002,0.1332
Slovakia,p0p50,2003,0.1332
Slovakia,p0p50,2004,0.1331
Slovakia,p0p50,2005,0.1332
Slovakia,p0p50,2006,0.1331
Slovakia,p0p50,2007,0.1332
Slovakia,p0p50,2008,0.1332
Slovakia,p0p50,2009,0.1332
Slovakia,p0p50,2010,0.1331
Slovakia,p0p50,2011,0.1266
Slovakia,p0p50,2012,0.112
Slovakia,p0p50,2013,0.1007
Slovakia,p0p50,2014,0.0914
Slovakia,p0p50,2015,0.0842
Slovakia,p0p50,2016,0.0812
Slovakia,p0p50,2017,0.0747
Slovakia,p0p50,2018,0.0744
Slovakia,p0p50,2019,0.074
Slovakia,p0p50,2020,0.074
Slovakia,p0p50,2021,0.0739
Slovakia,p99p100,1995,0.1273
Slovakia,p99p100,1996,0.1273
Slovakia,p99p100,1997,0.1273
Slovakia,p99p100,1998,0.1273
Slovakia,p99p100,1999,0.1274
Slovakia,p99p100,2000,0.1274
Slovakia,p99p100,2001,0.1275
Slovakia,p99p100,2002,0.1275
Slovakia,p99p100,2003,0.1275
Slovakia,p99p100,2004,0.1285
Slovakia,p99p100,2005,0.1279
Slovakia,p99p100,2006,0.128
Slovakia,p99p100,2007,0.1278
Slovakia,p99p100,2008,0.1275
Slovakia,p99p100,2009,0.1275
Slovakia,p99p100,2010,0.128
Slovakia,p99p100,2011,0.1352
Slovakia,p99p100,2012,0.1513
Slovakia,p99p100,2013,0.1711
Slovakia,p99p100,2014,0.1877
Slovakia,p99p100,2015,0.1874
Slovakia,p99p100,2016,0.176
Slovakia,p99p100,2017,0.1685
Slovakia,p99p100,2018,0.1704
Slovakia,p99p100,2019,0.1748
Slovakia,p99p100,2020,0.1748
Slovakia,p99p100,2021,0.1756
Slovenia,p90p100,1995,0.4793
Slovenia,p90p100,1996,0.4794
Slovenia,p90p100,1997,0.4794
Slovenia,p90p100,1998,0.4795
Slovenia,p90p100,1999,0.4801
Slovenia,p90p100,2000,0.4795
Slovenia,p90p100,2001,0.4795
Slovenia,p90p100,2002,0.4799
Slovenia,p90p100,2003,0.4806
Slovenia,p90p100,2004,0.4807
Slovenia,p90p100,2005,0.4808
Slovenia,p90p100,2006,0.4809
Slovenia,p90p100,2007,0.481
Slovenia,p90p100,2008,0.4809
Slovenia,p90p100,2009,0.4802
Slovenia,p90p100,2010,0.4803
Slovenia,p90p100,2011,0.503
Slovenia,p90p100,2012,0.5289
Slovenia,p90p100,2013,0.5503
Slovenia,p90p100,2014,0.5668
Slovenia,p90p100,2015,0.566
Slovenia,p90p100,2016,0.5695
Slovenia,p90p100,2017,0.5718
Slovenia,p90p100,2018,0.5724
Slovenia,p90p100,2019,0.5722
Slovenia,p90p100,2020,0.5723
Slovenia,p90p100,2021,0.5723
Slovenia,p0p50,1995,0.0776
Slovenia,p0p50,1996,0.0776
Slovenia,p0p50,1997,0.0776
Slovenia,p0p50,1998,0.0776
Slovenia,p0p50,1999,0.0775
Slovenia,p0p50,2000,0.0776
Slovenia,p0p50,2001,0.0776
Slovenia,p0p50,2002,0.0775
Slovenia,p0p50,2003,0.0775
Slovenia,p0p50,2004,0.0774
Slovenia,p0p50,2005,0.0774
Slovenia,p0p50,2006,0.0774
Slovenia,p0p50,2007,0.0774
Slovenia,p0p50,2008,0.0774
Slovenia,p0p50,2009,0.0775
Slovenia,p0p50,2010,0.0775
Slovenia,p0p50,2011,0.0746
Slovenia,p0p50,2012,0.0701
Slovenia,p0p50,2013,0.0678
Slovenia,p0p50,2014,0.0658
Slovenia,p0p50,2015,0.0644
Slovenia,p0p50,2016,0.0612
Slovenia,p0p50,2017,0.058
Slovenia,p0p50,2018,0.0579
Slovenia,p0p50,2019,0.0579
Slovenia,p0p50,2020,0.0579
Slovenia,p0p50,2021,0.0579
Slovenia,p99p100,1995,0.1208
Slovenia,p99p100,1996,0.1208
Slovenia,p99p100,1997,0.1208
Slovenia,p99p100,1998,0.1209
Slovenia,p99p100,1999,0.1213
Slovenia,p99p100,2000,0.1209
Slovenia,p99p100,2001,0.1209
Slovenia,p99p100,2002,0.1212
Slovenia,p99p100,2003,0.1216
Slovenia,p99p100,2004,0.1216
Slovenia,p99p100,2005,0.1217
Slovenia,p99p100,2006,0.1217
Slovenia,p99p100,2007,0.1218
Slovenia,p99p100,2008,0.1217
Slovenia,p99p100,2009,0.1213
Slovenia,p99p100,2010,0.1214
Slovenia,p99p100,2011,0.1606
Slovenia,p99p100,2012,0.2032
Slovenia,p99p100,2013,0.2438
Slovenia,p99p100,2014,0.2768
Slovenia,p99p100,2015,0.2611
Slovenia,p99p100,2016,0.2481
Slovenia,p99p100,2017,0.2317
Slovenia,p99p100,2018,0.2322
Slovenia,p99p100,2019,0.2321
Slovenia,p99p100,2020,0.2321
Slovenia,p99p100,2021,0.2321
Spain,p90p100,1995,0.5828
Spain,p90p100,1996,0.5739
Spain,p90p100,1997,0.5805
Spain,p90p100,1998,0.5858
Spain,p90p100,1999,0.5862
Spain,p90p100,2000,0.5725
Spain,p90p100,2001,0.5534
Spain,p90p100,2002,0.5518
Spain,p90p100,2003,0.5489
Spain,p90p100,2004,0.5338
Spain,p90p100,2005,0.5268
Spain,p90p100,2006,0.5352
Spain,p90p100,2007,0.5596
Spain,p90p100,2008,0.5442
Spain,p90p100,2009,0.5594
Spain,p90p100,2010,0.5572
Spain,p90p100,2011,0.5611
Spain,p90p100,2012,0.5672
Spain,p90p100,2013,0.5681
Spain,p90p100,2014,0.5827
Spain,p90p100,2015,0.5748
Spain,p90p100,2016,0.5745
Spain,p90p100,2017,0.5762
Spain,p90p100,2018,0.5757
Spain,p90p100,2019,0.5746
Spain,p90p100,2020,0.5738
Spain,p90p100,2021,0.5758
Spain,p0p50,1995,0.0717
Spain,p0p50,1996,0.0777
Spain,p0p50,1997,0.0814
Spain,p0p50,1998,0.0822
Spain,p0p50,1999,0.0722
Spain,p0p50,2000,0.0786
Spain,p0p50,2001,0.0849
Spain,p0p50,2002,0.0852
Spain,p0p50,2003,0.0838
Spain,p0p50,2004,0.088
Spain,p0p50,2005,0.0881
Spain,p0p50,2006,0.0858
Spain,p0p50,2007,0.0758
Spain,p0p50,2008,0.0792
Spain,p0p50,2009,0.0722
Spain,p0p50,2010,0.0752
Spain,p0p50,2011,0.0732
Spain,p0p50,2012,0.0659
Spain,p0p50,2013,0.0628
Spain,p0p50,2014,0.0611
Spain,p0p50,2015,0.0669
Spain,p0p50,2016,0.0669
Spain,p0p50,2017,0.0667
Spain,p0p50,2018,0.0667
Spain,p0p50,2019,0.0669
Spain,p0p50,2020,0.067
Spain,p0p50,2021,0.0667
Spain,p99p100,1995,0.2032
Spain,p99p100,1996,0.2238
Spain,p99p100,1997,0.2384
Spain,p99p100,1998,0.2578
Spain,p99p100,1999,0.2534
Spain,p99p100,2000,0.2449
Spain,p99p100,2001,0.2214
Spain,p99p100,2002,0.2213
Spain,p99p100,2003,0.2241
Spain,p99p100,2004,0.2117
Spain,p99p100,2005,0.2113
Spain,p99p100,2006,0.2174
Spain,p99p100,2007,0.2348
Spain,p99p100,2008,0.2115
Spain,p99p100,2009,0.2179
Spain,p99p100,2010,0.219
Spain,p99p100,2011,0.2236
Spain,p99p100,2012,0.2266
Spain,p99p100,2013,0.2257
Spain,p99p100,2014,0.2426
Spain,p99p100,2015,0.2414
Spain,p99p100,2016,0.2407
Spain,p99p100,2017,0.2427
Spain,p99p100,2018,0.2427
Spain,p99p100,2019,0.2405
Spain,p99p100,2020,0.2392
Spain,p99p100,2021,0.2427
Sweden,p90p100,1995,0.5716
Sweden,p90p100,1996,0.5578
Sweden,p90p100,1997,0.5705
Sweden,p90p100,1998,0.5681
Sweden,p90p100,1999,0.5802
Sweden,p90p100,2000,0.5796
Sweden,p90p100,2001,0.5842
Sweden,p90p100,2002,0.5882
Sweden,p90p100,2003,0.5913
Sweden,p90p100,2004,0.5937
Sweden,p90p100,2005,0.5955
Sweden,p90p100,2006,0.5991
Sweden,p90p100,2007,0.6001
Sweden,p90p100,2008,0.5976
Sweden,p90p100,2009,0.5863
Sweden,p90p100,2010,0.5944
Sweden,p90p100,2011,0.5892
Sweden,p90p100,2012,0.5883
Sweden,p90p100,2013,0.5914
Sweden,p90p100,2014,0.5922
Sweden,p90p100,2015,0.5929
Sweden,p90p100,2016,0.5913
Sweden,p90p100,2017,0.5914
Sweden,p90p100,2018,0.5903
Sweden,p90p100,2019,0.5896
Sweden,p90p100,2020,0.5819
Sweden,p90p100,2021,0.5887
Sweden,p0p50,1995,0.0498
Sweden,p0p50,1996,0.0515
Sweden,p0p50,1997,0.05
Sweden,p0p50,1998,0.0503
Sweden,p0p50,1999,0.0488
Sweden,p0p50,2000,0.0489
Sweden,p0p50,2001,0.0484
Sweden,p0p50,2002,0.0479
Sweden,p0p50,2003,0.0476
Sweden,p0p50,2004,0.0473
Sweden,p0p50,2005,0.047
Sweden,p0p50,2006,0.0466
Sweden,p0p50,2007,0.0465
Sweden,p0p50,2008,0.0468
Sweden,p0p50,2009,0.0482
Sweden,p0p50,2010,0.0472
Sweden,p0p50,2011,0.0478
Sweden,p0p50,2012,0.0479
Sweden,p0p50,2013,0.0476
Sweden,p0p50,2014,0.0475
Sweden,p0p50,2015,0.0474
Sweden,p0p50,2016,0.0476
Sweden,p0p50,2017,0.0476
Sweden,p0p50,2018,0.0477
Sweden,p0p50,2019,0.0478
Sweden,p0p50,2020,0.0487
Sweden,p0p50,2021,0.0479
Sweden,p99p100,1995,0.2436
Sweden,p99p100,1996,0.221
Sweden,p99p100,1997,0.2424
Sweden,p99p100,1998,0.2382
Sweden,p99p100,1999,0.2594
Sweden,p99p100,2000,0.2591
Sweden,p99p100,2001,0.268
Sweden,p99p100,2002,0.2748
Sweden,p99p100,2003,0.2793
Sweden,p99p100,2004,0.2832
Sweden,p99p100,2005,0.2852
Sweden,p99p100,2006,0.2901
Sweden,p99p100,2007,0.2924
Sweden,p99p100,2008,0.2896
Sweden,p99p100,2009,0.2718
Sweden,p99p100,2010,0.2847
Sweden,p99p100,2011,0.2764
Sweden,p99p100,2012,0.2759
Sweden,p99p100,2013,0.281
Sweden,p99p100,2014,0.2824
Sweden,p99p100,2015,0.283
Sweden,p99p100,2016,0.2812
Sweden,p99p100,2017,0.2808
Sweden,p99p100,2018,0.2792
Sweden,p99p100,2019,0.2781
Sweden,p99p100,2020,0.2647
Sweden,p99p100,2021,0.2765
Switzerland,p90p100,1995,0.574
Switzerland,p90p100,1996,0.5798
Switzerland,p90p100,1997,0.5811
Switzerland,p90p100,1998,0.5775
Switzerland,p90p100,1999,0.5852
Switzerland,p90p100,2000,0.5835
Switzerland,p90p100,2001,0.5845
Switzerland,p90p100,2002,0.5838
Switzerland,p90p100,2003,0.5804
Switzerland,p90p100,2004,0.5758
Switzerland,p90p100,2005,0.5815
Switzerland,p90p100,2006,0.5845
Switzerland,p90p100,2007,0.5944
Switzerland,p90p100,2008,0.5904
Switzerland,p90p100,2009,0.5905
Switzerland,p90p100,2010,0.5941
Switzerland,p90p100,2011,0.5964
Switzerland,p90p100,2012,0.6001
Switzerland,p90p100,2013,0.6077
Switzerland,p90p100,2014,0.6159
Switzerland,p90p100,2015,0.6213
Switzerland,p90p100,2016,0.6233
Switzerland,p90p100,2017,0.6267
Switzerland,p90p100,2018,0.6276
Switzerland,p90p100,2019,0.6249
Switzerland,p90p100,2020,0.6228
Switzerland,p90p100,2021,0.6266
Switzerland,p0p50,1995,0.0492
Switzerland,p0p50,1996,0.0485
Switzerland,p0p50,1997,0.0484
Switzerland,p0p50,1998,0.0488
Switzerland,p0p50,1999,0.0479
Switzerland,p0p50,2000,0.0481
Switzerland,p0p50,2001,0.0476
Switzerland,p0p50,2002,0.0473
Switzerland,p0p50,2003,0.0479
Switzerland,p0p50,2004,0.0496
Switzerland,p0p50,2005,0.049
Switzerland,p0p50,2006,0.0487
Switzerland,p0p50,2007,0.0464
Switzerland,p0p50,2008,0.0468
Switzerland,p0p50,2009,0.0467
Switzerland,p0p50,2010,0.0468
Switzerland,p0p50,2011,0.045
Switzerland,p0p50,2012,0.0442
Switzerland,p0p50,2013,0.0422
Switzerland,p0p50,2014,0.0403
Switzerland,p0p50,2015,0.0384
Switzerland,p0p50,2016,0.038
Switzerland,p0p50,2017,0.0373
Switzerland,p0p50,2018,0.0372
Switzerland,p0p50,2019,0.0374
Switzerland,p0p50,2020,0.0376
Switzerland,p0p50,2021,0.0373
Switzerland,p99p100,1995,0.2566
Switzerland,p99p100,1996,0.2655
Switzerland,p99p100,1997,0.2659
Switzerland,p99p100,1998,0.2591
Switzerland,p99p100,1999,0.273
Switzerland,p99p100,2000,0.2694
Switzerland,p99p100,2001,0.2696
Switzerland,p99p100,2002,0.2672
Switzerland,p99p100,2003,0.2613
Switzerland,p99p100,2004,0.2571
Switzerland,p99p100,2005,0.266
Switzerland,p99p100,2006,0.2712
Switzerland,p99p100,2007,0.2806
Switzerland,p99p100,2008,0.2779
Switzerland,p99p100,2009,0.2766
Switzerland,p99p100,2010,0.2821
Switzerland,p99p100,2011,0.2794
Switzerland,p99p100,2012,0.2841
Switzerland,p99p100,2013,0.2923
Switzerland,p99p100,2014,0.3022
Switzerland,p99p100,2015,0.3065
Switzerland,p99p100,2016,0.307
Switzerland,p99p100,2017,0.3118
Switzerland,p99p100,2018,0.3134
Switzerland,p99p100,2019,0.3085
Switzerland,p99p100,2020,0.3046
Switzerland,p99p100,2021,0.3116
Turkey,p90p100,1995,0.7607
Turkey,p90p100,1996,0.7654
Turkey,p90p100,1997,0.7658
Turkey,p90p100,1998,0.7697
Turkey,p90p100,1999,0.7658
Turkey,p90p100,2000,0.773
Turkey,p90p100,2001,0.7724
Turkey,p90p100,2002,0.772
Turkey,p90p100,2003,0.7533
Turkey,p90p100,2004,0.7241
Turkey,p90p100,2005,0.6771
Turkey,p90p100,2006,0.6663
Turkey,p90p100,2007,0.6513
Turkey,p90p100,2008,0.6724
Turkey,p90p100,2009,0.6944
Turkey,p90p100,2010,0.6898
Turkey,p90p100,2011,0.6915
Turkey,p90p100,2012,0.6845
Turkey,p90p100,2013,0.6826
Turkey,p90p100,2014,0.6821
Turkey,p90p100,2015,0.6816
Turkey,p90p100,2016,0.6814
Turkey,p90p100,2017,0.681
Turkey,p90p100,2018,0.6805
Turkey,p90p100,2019,0.6801
Turkey,p90p100,2020,0.6799
Turkey,p90p100,2021,0.6795
Turkey,p0p50,1995,0.008
Turkey,p0p50,1996,0.0078
Turkey,p0p50,1997,0.0078
Turkey,p0p50,1998,0.0076
Turkey,p0p50,1999,0.0077
Turkey,p0p50,2000,0.0074
Turkey,p0p50,2001,0.0075
Turkey,p0p50,2002,0.0075
Turkey,p0p50,2003,0.0102
Turkey,p0p50,2004,0.0192
Turkey,p0p50,2005,0.0328
Turkey,p0p50,2006,0.0357
Turkey,p0p50,2007,0.0387
Turkey,p0p50,2008,0.0342
Turkey,p0p50,2009,0.0285
Turkey,p0p50,2010,0.03
Turkey,p0p50,2011,0.0295
Turkey,p0p50,2012,0.0312
Turkey,p0p50,2013,0.0316
Turkey,p0p50,2014,0.0316
Turkey,p0p50,2015,0.0317
Turkey,p0p50,2016,0.0317
Turkey,p0p50,2017,0.0318
Turkey,p0p50,2018,0.0318
Turkey,p0p50,2019,0.0318
Turkey,p0p50,2020,0.0319
Turkey,p0p50,2021,0.0319
Turkey,p99p100,1995,0.4506
Turkey,p99p100,1996,0.4613
Turkey,p99p100,1997,0.4621
Turkey,p99p100,1998,0.4709
Turkey,p99p100,1999,0.4619
Turkey,p99p100,2000,0.4782
Turkey,p99p100,2001,0.4769
Turkey,p99p100,2002,0.4759
Turkey,p99p100,2003,0.4427
Turkey,p99p100,2004,0.4142
Turkey,p99p100,2005,0.3704
Turkey,p99p100,2006,0.3621
Turkey,p99p100,2007,0.345
Turkey,p99p100,2008,0.3676
Turkey,p99p100,2009,0.3893
Turkey,p99p100,2010,0.386
Turkey,p99p100,2011,0.3874
Turkey,p99p100,2012,0.3794
Turkey,p99p100,2013,0.3771
Turkey,p99p100,2014,0.3761
Turkey,p99p100,2015,0.3756
Turkey,p99p100,2016,0.3752
Turkey,p99p100,2017,0.3743
Turkey,p99p100,2018,0.3733
Turkey,p99p100,2019,0.3725
Turkey,p99p100,2020,0.372
Turkey,p99p100,2021,0.3712
USA,p90p100,1995,0.6612
USA,p90p100,1996,0.665
USA,p90p100,1997,0.6718
USA,p90p100,1998,0.6787
USA,p90p100,1999,0.6787
USA,p90p100,2000,0.6786
USA,p90p100,2001,0.672
USA,p90p100,2002,0.6726
USA,p90p100,2003,0.674
USA,p90p100,2004,0.6786
USA,p90p100,2005,0.6792
USA,p90p100,2006,0.68
USA,p90p100,2007,0.6843
USA,p90p100,2008,0.6944
USA,p90p100,2009,0.6969
USA,p90p100,2010,0.7088
USA,p90p100,2011,0.7171
USA,p90p100,2012,0.7256
USA,p90p100,2013,0.7288
USA,p90p100,2014,0.7285
USA,p90p100,2015,0.7267
USA,p90p100,2016,0.7224
USA,p90p100,2017,0.7084
USA,p90p100,2018,0.7068
USA,p90p100,2019,0.7067
USA,p90p100,2020,0.7067
USA,p90p100,2021,0.7068
USA,p0p50,1995,0.0206
USA,p0p50,1996,0.0189
USA,p0p50,1997,0.0167
USA,p0p50,1998,0.0158
USA,p0p50,1999,0.017
USA,p0p50,2000,0.0175
USA,p0p50,2001,0.019
USA,p0p50,2002,0.0194
USA,p0p50,2003,0.0184
USA,p0p50,2004,0.0179
USA,p0p50,2005,0.0186
USA,p0p50,2006,0.0169
USA,p0p50,2007,0.0142
USA,p0p50,2008,0.0112
USA,p0p50,2009,0.0095
USA,p0p50,2010,0.0089
USA,p0p50,2011,0.0088
USA,p0p50,2012,0.0087
USA,p0p50,2013,0.0092
USA,p0p50,2014,0.0103
USA,p0p50,2015,0.0109
USA,p0p50,2016,0.0115
USA,p0p50,2017,0.0143
USA,p0p50,2018,0.0148
USA,p0p50,2019,0.0151
USA,p0p50,2020,0.0151
USA,p0p50,2021,0.015
USA,p99p100,1995,0.2854
USA,p99p100,1996,0.2923
USA,p99p100,1997,0.3011
USA,p99p100,1998,0.3113
USA,p99p100,1999,0.3144
USA,p99p100,2000,0.32
USA,p99p100,2001,0.315
USA,p99p100,2002,0.3099
USA,p99p100,2003,0.3096
USA,p99p100,2004,0.3141
USA,p99p100,2005,0.3217
USA,p99p100,2006,0.3256
USA,p99p100,2007,0.33
USA,p99p100,2008,0.3312
USA,p99p100,2009,0.3215
USA,p99p100,2010,0.3326
USA,p99p100,2011,0.3436
USA,p99p100,2012,0.357
USA,p99p100,2013,0.3533
USA,p99p100,2014,0.3587
USA,p99p100,2015,0.3601
USA,p99p100,2016,0.3568
USA,p99p100,2017,0.3506
USA,p99p100,2018,0.349
USA,p99p100,2019,0.3487
USA,p99p100,2020,0.3487
USA,p99p100,2021,0.3488
United Kingdom,p90p100,1995,0.5249
United Kingdom,p90p100,1996,0.5399
United Kingdom,p90p100,1997,0.5651
United Kingdom,p90p100,1998,0.5668
United Kingdom,p90p100,1999,0.5486
United Kingdom,p90p100,2000,0.5577
United Kingdom,p90p100,2001,0.551
United Kingdom,p90p100,2002,0.5544
United Kingdom,p90p100,2003,0.5449
United Kingdom,p90p100,2004,0.5406
United Kingdom,p90p100,2005,0.5415
United Kingdom,p90p100,2006,0.5448
United Kingdom,p90p100,2007,0.5444
United Kingdom,p90p100,2008,0.5379
United Kingdom,p90p100,2009,0.5436
United Kingdom,p90p100,2010,0.5459
United Kingdom,p90p100,2011,0.558
United Kingdom,p90p100,2012,0.5567
United Kingdom,p90p100,2013,0.5674
United Kingdom,p90p100,2014,0.5782
United Kingdom,p90p100,2015,0.5667
United Kingdom,p90p100,2016,0.5713
United Kingdom,p90p100,2017,0.575
United Kingdom,p90p100,2018,0.5709
United Kingdom,p90p100,2019,0.5703
United Kingdom,p90p100,2020,0.5697
United Kingdom,p90p100,2021,0.5713
United Kingdom,p0p50,1995,0.0626
United Kingdom,p0p50,1996,0.0506
United Kingdom,p0p50,1997,0.0428
United Kingdom,p0p50,1998,0.0444
United Kingdom,p0p50,1999,0.0512
United Kingdom,p0p50,2000,0.0498
United Kingdom,p0p50,2001,0.0515
United Kingdom,p0p50,2002,0.0502
United Kingdom,p0p50,2003,0.0532
United Kingdom,p0p50,2004,0.0573
United Kingdom,p0p50,2005,0.0571
United Kingdom,p0p50,2006,0.056
United Kingdom,p0p50,2007,0.0601
United Kingdom,p0p50,2008,0.0631
United Kingdom,p0p50,2009,0.0482
United Kingdom,p0p50,2010,0.0495
United Kingdom,p0p50,2011,0.0422
United Kingdom,p0p50,2012,0.0447
United Kingdom,p0p50,2013,0.0427
United Kingdom,p0p50,2014,0.0392
United Kingdom,p0p50,2015,0.0453
United Kingdom,p0p50,2016,0.0439
United Kingdom,p0p50,2017,0.0428
United Kingdom,p0p50,2018,0.0465
United Kingdom,p0p50,2019,0.0465
United Kingdom,p0p50,2020,0.0466
United Kingdom,p0p50,2021,0.0464
United Kingdom,p99p100,1995,0.1846
United Kingdom,p99p100,1996,0.1888
United Kingdom,p99p100,1997,0.2072
United Kingdom,p99p100,1998,0.2119
United Kingdom,p99p100,1999,0.2042
United Kingdom,p99p100,2000,0.2034
United Kingdom,p99p100,2001,0.2041
United Kingdom,p99p100,2002,0.1997
United Kingdom,p99p100,2003,0.1875
United Kingdom,p99p100,2004,0.1936
United Kingdom,p99p100,2005,0.2022
United Kingdom,p99p100,2006,0.2058
United Kingdom,p99p100,2007,0.2066
United Kingdom,p99p100,2008,0.202
United Kingdom,p99p100,2009,0.2001
United Kingdom,p99p100,2010,0.1998
United Kingdom,p99p100,2011,0.2018
United Kingdom,p99p100,2012,0.2071
United Kingdom,p99p100,2013,0.2258
United Kingdom,p99p100,2014,0.2261
United Kingdom,p99p100,2015,0.2148
United Kingdom,p99p100,2016,0.2125
United Kingdom,p99p100,2017,0.2114
United Kingdom,p99p100,2018,0.2124
United Kingdom,p99p100,2019,0.2111
United Kingdom,p99p100,2020,0.21
United Kingdom,p99p100,2021,0.213
